Combination of Genres,Average Revenue
Family|Fantasy|Romance,1263521126.0
Family|Adventure|Animation|Comedy|Fantasy|Drama,1073394593.0
Action|Animation|Comedy|Family|Adventure,1031552585.0
Family|Adventure|Drama|Fantasy,966550600.0
Animation|Family|Comedy|Fantasy|Adventure,928760770.0
Action|Adventure|Science Fiction|Drama,880166924.0
Adventure|Family|Animation,875660833.5
Animation|Family|Adventure|Drama|Comedy,857611174.0
Family|Animation|Fantasy|Music|Comedy|Adventure,800526015.0
Science Fiction|Adventure|Family|Fantasy,792965500.0
Adventure|Action|Science Fiction,770372030.7692307
Family|Animation|Drama,763455561.0
Fantasy|Adventure|Action|Family|Romance,758539785.0
Comedy|Adventure|Fantasy|Animation|Family,752600867.0
Science Fiction|Adventure|Thriller,752100229.0
Adventure|Fantasy|Drama|Romance,745772936.3333334
Action|Crime|Thriller|Adventure,721077945.0
Action|Adventure|Fantasy|Science Fiction,721012191.5454545
Adventure|Fantasy|Romance,712171856.0
Science Fiction|Adventure|Fantasy,691210692.0
Action|Comedy|Mystery,686257563.0
Adventure|Family|Animation|Action|Comedy,657827828.0
Action|Adventure|Science Fiction|Fantasy,643516713.6
Drama|Adventure|Science Fiction,630161890.0
Adventure|Science Fiction|Action,627019643.6666666
Fantasy|Action|Adventure|Animation|Comedy|Family,621537500.0
Adventure|Thriller|Science Fiction,603873119.0
Adventure|Fantasy|Romance|Family,591586210.0
Adventure|Action|Thriller|Crime,589580482.0
Animation|Adventure|Family|Fantasy|Comedy|Action,587204668.0
Fantasy|Adventure|Action,586841871.0
Action|Adventure|Comedy|Family|Fantasy,574480841.0
Adventure|Comedy|Animation|Family,560845525.0
Romance|Fantasy|Family|Drama,543514353.0
Animation|Adventure|Comedy|Family|Action|Fantasy,538983207.0
Family|Animation|Adventure|Comedy|Fantasy,530539764.0
Family|Fantasy|Comedy|Animation,528600000.0
Action|Thriller|Crime|Adventure,528579924.0
Action|Adventure|Crime|Mystery,524028679.0
Fantasy|Drama|Thriller|Mystery|Romance,505000000.0
Animation|Family|Adventure|Fantasy|Romance,504050219.0
Drama|Action|Crime|Thriller,502351140.5
Adventure|History|War,497409852.0
Drama|Science Fiction|War,488533726.0
Adventure|Action|Comedy|Fantasy,481051118.5
Action|Comedy|Drama|Thriller,478207520.0
War|History|Drama|Action,460919368.0
Action|Adventure|Mystery|Thriller,459242249.0
Drama|Action|War|History,456758981.0
Adventure|Fantasy|Action,455064883.2222222
Action|War|History|Romance|Drama,449220945.0
Family|Adventure|Animation|Drama,448191819.0
Action|Crime|History,445000000.0
Fantasy|Adventure|Animation|Comedy|Family,434274254.5
Action|Adventure|Science Fiction,430008497.54347825
Romance|Family|Animation|Fantasy,424967620.0
Animation|Comedy|Family|Music,424575839.5
Action|Science Fiction|Adventure|Fantasy,415440673.0
Crime|Comedy|Action|Adventure,414351546.0
Thriller|Action|Drama|Music|Romance,411006740.0
Fantasy|Thriller|Action|Adventure|Horror,409231607.0
Adventure|Animation|Family|Comedy|Science Fiction,408579038.0
Drama|Thriller|Science Fiction|Mystery,408247917.0
Science Fiction|Action|Adventure,389878141.47619045
Action|Adventure|Animation|Family,383073756.0
Action|Drama|Science Fiction,379334505.5
Action|Science Fiction|Adventure,378927543.3636364
Science Fiction|Action|Thriller|Adventure,376449796.5
Action|Adventure|Animation|Science Fiction|Comedy,375540831.0
Action|Adventure|Fantasy,372288889.2580645
Adventure|Animation|Mystery,371940071.0
Science Fiction|Adventure|Action|Thriller,371876278.0
Fantasy|Comedy|Animation|Science Fiction|Family,368871007.0
Adventure|Comedy|Fantasy|Family,363204635.0
Comedy|Family|Fantasy|Animation,361366633.0
Action|Thriller|Science Fiction|Mystery,358372926.0
Animation|Family|Comedy|Adventure,357952652.5
Mystery|Crime|Drama,351839303.0
Adventure|Action|Thriller|Mystery,347512318.0
Fantasy|Family|Comedy|Animation,347434178.0
Family|Animation|Fantasy|Adventure|Comedy|Music,346864462.0
Adventure|Animation|Family|Romance,346079773.0
Adventure|Comedy|Family|Animation,345430236.0
Comedy|Fantasy|Family|Music|Animation,342695435.0
Comedy|Family|Fantasy|Romance,340487652.0
Action|Crime|Fantasy,336529144.0
Adventure|Fantasy|Mystery,334835193.0
Adventure|Action|Crime|Mystery,334615000.0
Adventure|Science Fiction,334590891.0
Family|Action|Animation|Adventure|Fantasy|Science Fiction,334000000.0
Fantasy|Animation|Comedy|Crime|Family,329803958.0
Family|Fantasy|Adventure,329760380.5
Drama|Animation|Family,325338851.0
Animation|Family|Drama|Fantasy,325286646.0
Animation|Action|Comedy|Family|Science Fiction,321885765.0
Science Fiction|Action|Adventure|Comedy,318871067.0
Animation|Family|Action|Comedy|Science Fiction|Fantasy,311950384.0
Family|Adventure|Comedy|Fantasy|Animation,311594032.0
Fantasy|Action,311114229.71428573
Comedy|Drama|Crime|Mystery,309232797.0
Action|Thriller|War|Drama,308798528.5
Family|Animation|Fantasy|Action|Adventure,306941670.0
Action|Science Fiction|Comedy|Family,306766470.0
Action|Adventure|Science Fiction|Thriller,303908220.5555556
Thriller|Action|Adventure|Science Fiction,303025485.0
Adventure|Fantasy|Comedy|Family,300855000.0
Horror|Adventure|Action,300257475.0
Animation|Comedy|Family|Adventure|Fantasy,298572799.0
Comedy|Crime|Science Fiction,296655431.0
Fantasy|Adventure|Family|Drama,296482446.0
Adventure|Fantasy,295052740.8
Science Fiction|Adventure|Action,294211156.14285713
Family|Fantasy|Action|Adventure|Comedy,292817841.0
Adventure|Action|Fantasy,290747926.72727275
Action|Fantasy|Science Fiction|Adventure,290061297.0
Romance|History|Comedy,289317794.0
Action|Thriller|Science Fiction|Adventure,288875722.3333333
Action|Science Fiction|Adventure|Mystery,286168572.0
Animation|Family|Adventure|Science Fiction,283781797.5
Action|Thriller|Adventure,279131407.6666667
Mystery|Adventure|Comedy,275650703.0
Adventure|Fantasy|Action|Comedy|Family,275202329.5
Thriller|Adventure|Action,274470394.0
Western|Drama|Adventure,273046779.5
Science Fiction|Adventure|Mystery,271085071.0
Romance|Family|Animation,270997378.0
Adventure|Action|Drama|Fantasy,269784201.0
Action|Drama|Horror|Science Fiction|Thriller,268833711.0
Science Fiction|Action|Drama|Thriller,264248650.0
Action|Comedy|Adventure,262121879.33333334
Comedy|Adventure|Family,259207227.0
Action|Adventure|Drama|Romance,259047171.5
Action|Drama|Mystery|Thriller,259034189.5
Adventure|Fantasy|Family,258490912.0
Adventure|Action|Thriller|Science Fiction,255950892.1111111
Comedy|Mystery|Action|Adventure,254212245.0
Comedy|Romance|Drama|Family|Music,252909177.0
Animation|Family|Fantasy|Adventure|Comedy|Romance,252712101.0
Drama|Adventure|Western,252276927.0
Science Fiction|Thriller|Drama,252135315.33333334
Action|Mystery|Science Fiction|Thriller,251883111.5
War|Drama|Action|Thriller,251200178.5
Adventure|Drama|Action,250757411.0
Action|Adventure|Drama|War,250100000.0
Family|Adventure|Comedy|Animation,250094217.5
Adventure|Fantasy|Drama,248728758.0
Fantasy|Adventure|Animation|Family,247439379.5
Animation|Comedy|Family|Western|Adventure,245724603.0
Animation|Comedy|Fantasy|Adventure|Family,243926660.0
Thriller|Action|Drama|Science Fiction,241430092.5
Adventure|Action|Comedy|Thriller|Crime,238426070.0
Family|Comedy|Adventure|Fantasy,237382724.0
Action|Adventure|Animation|Comedy|Family,237228395.33333334
Adventure|Drama|Science Fiction,236156617.66666666
Drama|Science Fiction|Adventure,235926552.0
Horror|Thriller|Adventure,235326500.0
Fantasy|Adventure,235211152.14285713
Adventure|Action|Thriller,234979905.76923078
Family|Animation|Adventure|Comedy,234582302.84615386
History|Drama|Thriller|War,233555708.0
Thriller|Crime|Mystery|Drama,232617430.0
Action|Fantasy|Comedy,229147509.0
Thriller|Action|Fantasy,228738393.0
Comedy|Family|Animation|Fantasy|Music,227398695.0
Music|Drama|History,227124082.4
Fantasy|Action|Drama,226904017.0
Fantasy|Horror|Action,226349749.0
Adventure|Comedy|Science Fiction|Family,224899296.5
Adventure|Action,224109002.33333334
Fantasy|Action|Adventure|Family,223487854.0
Action|Adventure|Comedy|Science Fiction|Western,222104681.0
Action|Adventure|Comedy|Family|Science Fiction,221317915.0
Mystery|Thriller|Drama|Action,220021259.0
Animation|Comedy|Family|Adventure,218324825.8
Horror|Action|Drama|Fantasy|War,217124280.0
Action|Comedy|Mystery|Crime,216972543.0
Animation|Fantasy|Adventure,216031276.0
Romance|Horror,215862692.0
Drama|History|War|Action,215294342.0
Adventure|Drama|Western,214257924.0
Fantasy|Comedy|Family|Romance,212874864.0
Crime|Comedy|Adventure,212385533.0
Action|Fantasy|Horror|Mystery,211989043.0
Action|Adventure|Animation|Family|Comedy,210581520.0
Action|Adventure|Thriller|Science Fiction,210308099.0
Adventure|Family|Mystery|Science Fiction,209154322.0
Drama|Fantasy|Thriller|Mystery|Horror,206071502.0
Adventure|Comedy|Fantasy|Family|Drama,205035819.0
Adventure|War|History|Action,203567857.0
Romance|Science Fiction|Fantasy|Thriller,203388341.0
Science Fiction|Action|Adventure|Comedy|Family,201965915.0
Adventure|Fantasy|Action|Thriller,201595380.66666666
Action|Adventure|Western,201451090.0
Drama|War|Romance,201176289.5
Drama|Thriller|History|War,200276000.0
Action|Science Fiction|Adventure|Thriller,198802074.0
Romance|Drama|Fantasy,198685114.0
Action|Comedy|Adventure|War,195702811.0
Mystery|Drama|Thriller|Crime,195268056.0
Family|Adventure|Animation|Comedy,194208141.2
Action|Drama|Adventure,192475668.4
Animation|Family|Fantasy|Adventure,192164339.0
Action|Adventure|Drama|Family,192134920.0
Family|Comedy|Fantasy|Horror,191502426.0
Animation|Adventure|Family|Comedy,190671981.375
Animation|Comedy|Family|Fantasy,190655377.5
Crime|Thriller|Drama,189069552.5
Animation|Family|Adventure|Comedy|Fantasy,187916441.0
Animation|Drama|Fantasy|Romance,186965409.0
Action|Mystery|Science Fiction,185258983.0
Science Fiction|Fantasy|Action|Adventure,183987723.0
Animation|Action|Comedy|Family,183637509.5
Adventure|Comedy|Drama|Family|Fantasy,183018522.0
Action|Adventure|Comedy|Crime|Thriller,182670276.14285713
Thriller|Fantasy|Comedy|Family|Mystery,182290266.0
Adventure|Action|Drama|Thriller,181674817.0
Mystery|Fantasy|Adventure|Comedy,181466833.0
Thriller|Science Fiction|Action|Adventure,181105870.0
Action|Crime|Comedy,180664551.5
Drama|History|Adventure,180304163.0
Action|Adventure|Thriller,179577965.7826087
Adventure|Comedy|Family|Science Fiction,179466260.0
Adventure|Science Fiction|Action|Mystery,179246868.0
Animation|Family|Comedy|Fantasy,178145098.33333334
Adventure|Science Fiction|Action|Horror,177427090.0
Drama|Adventure|Action|History,177394432.0
Thriller|Action|Adventure|Comedy|Crime,177238796.0
Action|Drama|Thriller|Crime|Mystery,176997168.0
Action|Adventure|Thriller|War,176657236.75
Thriller|Comedy|Crime|Action,176586701.0
Action|Science Fiction|Thriller|Western,174822325.0
Fantasy|Family|Comedy,174403545.0
Animation|Family|Adventure|Fantasy,173596141.625
Crime|Horror|Mystery,173046663.0
Adventure|Drama|History|Romance,173013509.0
Action|Adventure|Crime|War,173000000.0
Family|Comedy|Fantasy,172570701.5
Fantasy|Action|Adventure,172281347.625
Animation|Action|Adventure|Comedy|Family,171616764.0
Comedy|Drama|Romance|Music,170508765.0
Comedy|Romance|Family,169852759.0
Adventure|Comedy|Family|Fantasy,168546001.0
Comedy|Family|Romance|Fantasy,168475338.0
Adventure|Family|Fantasy,168210062.26666668
Family|Animation|Comedy|Adventure,167826702.57142857
Thriller|Action|Comedy,167450668.5
War|History|Action|Adventure|Drama|Romance,167298192.0
Fantasy|Drama|Comedy|Family,166660303.0
War|Action|Drama,166403437.7777778
Mystery|Thriller|Drama,166254349.42857143
Comedy|Action|Adventure|Science Fiction,165548383.0
Family|Comedy|Music,165184237.0
Animation|Family|Adventure|Fantasy|Comedy,164883239.66666666
Family|Adventure|Fantasy|Drama,164170327.0
Romance|Drama|Mystery,163617253.5
Fantasy|Comedy|Family,163260505.0
Action|Adventure|War,162970139.66666666
Adventure|Action|Western,162360636.0
Adventure|Comedy|Fantasy,161017731.2
Drama|Action|Thriller|War,160727844.5
Adventure|Drama|Romance|War|Western,160638883.0
Action|Adventure|Mystery|Fantasy,160388063.0
Crime|Adventure|Action|Comedy|Thriller,160078586.0
Adventure|Fantasy|Animation,159414369.0
Animation|Adventure|Comedy|Family,159329110.0
Comedy|Drama|Thriller,159025681.0
Comedy|Family|Mystery|Crime|Adventure|Action,158851357.0
Adventure|Horror|Comedy,158162788.0
Adventure|Action|Romance|Drama,157920733.0
War|Thriller|Action|Drama,157387195.0
Drama|Romance|History,156111442.66666666
Adventure|Fantasy|Action|Thriller|Science Fiction,155991807.5
Crime|Drama|Mystery|Western,155760117.0
Comedy|Drama|Family|Music|Romance,155545279.0
Romance|Comedy|Crime|Drama,153962963.0
Adventure|Animation|Comedy|Family,153761660.7777778
Family|Comedy|Adventure|Animation|Fantasy,153000000.0
Comedy|Family|Adventure,152655906.33333334
Fantasy|Drama|Comedy|Romance|Family,151927281.0
Crime|Comedy|Action,151667491.0
Drama|Action|Adventure|Fantasy,150962475.0
Family|Animation|Fantasy|Comedy,150067683.5
Fantasy|Animation|Comedy,150000000.0
Drama|Action|Fantasy,150000000.0
Thriller|Mystery|Drama|Crime,149705852.0
Comedy|Family|Adventure|Romance,149281606.0
Animation|Family|Adventure|Comedy,148509554.75
Action|Comedy|Family|Adventure,147934180.0
Action|Adventure|Comedy|Science Fiction,147800994.14285713
Fantasy|Drama|Crime,144423279.0
Drama|Adventure|Romance|Thriller,144056873.0
Action|History|War,143825217.5
Drama|Family|Music|Romance,143107143.0
War|Action,142801855.75
Comedy|Family|Adventure|Animation,141702264.0
Thriller|War|Adventure,141654055.0
Drama|Thriller|Mystery|Romance,140081992.0
Comedy|Fantasy,138915881.2
Drama|War|Action,138530565.0
Adventure|Drama|Romance|Western,137783840.0
Science Fiction|Horror|Action,137687051.5
Animation|Comedy|Fantasy|Family,136384442.0
Fantasy|Adventure|Family,135957182.6
Action|Crime|Science Fiction|Thriller,134862073.0
Drama|Action|Adventure|History|War,134244002.0
Family|Animation|Comedy|Fantasy,133257750.0
Family|Animation|Comedy|Science Fiction,133003534.66666667
Adventure|Science Fiction|Family|Fantasy,132675864.0
Action|Thriller|Fantasy,132511035.0
Crime|Fantasy|Drama,132180323.0
Family|Fantasy|Animation|Romance,131932529.5
Drama|Family|Romance|Music,131706809.0
Fantasy|Family|Comedy|Horror,131457147.0
Comedy|Music|Family,131095990.0
Fantasy|Drama|Horror,131002597.0
Fantasy|Comedy,130975746.5
Comedy|Thriller|Drama,130703322.0
Action|Family|Drama,130442786.0
Fantasy|Action|Horror,130332466.33333333
Fantasy|Action|Science Fiction|Thriller|Horror,130290885.0
Thriller|Science Fiction|Horror,130234661.0
Family|Fantasy|Animation|Action|Adventure,130000000.0
Action|Horror|Fantasy,128905366.0
Animation|Comedy|Family,128798828.95121951
Action|Science Fiction|Drama,128675806.66666667
Science Fiction|Thriller|Romance,127869379.0
Fantasy|Comedy|Romance|Science Fiction,126038645.0
War|History|Action|Drama,125641396.0
Family|Action|Animation|Comedy,125289450.0
Drama|Science Fiction|Mystery,124836171.66666667
Comedy|Drama|Romance|Fantasy,124700000.0
Animation|Comedy|Adventure|Family,124548472.18181819
Adventure|Animation|Drama|Family,124206594.0
Thriller|Drama|Science Fiction,123470982.5
Comedy|Fantasy|Family,123276807.0
Family|Animation|Action|Adventure|Comedy,123081555.0
Horror|Mystery|Comedy,122637878.0
Western|Animation|Adventure|Comedy|Family|Drama,122563539.0
Action|Science Fiction|Horror,121638269.8
Action|Drama|Thriller|History,120654337.0
Drama|Romance|Thriller,120500503.4
Crime|Comedy|Romance,119940815.0
Action|Adventure|Family|Comedy,119723358.0
Action|Drama|War|Romance|Thriller,119520023.0
Drama|Fantasy|Action,119387091.0
Romance|Animation|Drama,119328695.66666667
Action|Adventure|Comedy|Drama|Mystery,119269486.0
Science Fiction|Action|Fantasy,119103561.0
Animation|Family|Adventure,118691080.875
Romance|Fantasy|Animation,118090836.0
Thriller|Action|Romance|Science Fiction|Adventure,118063304.0
Family|Drama|Animation|War|History|Romance,117932401.0
Action|Adventure|History|Romance|Drama,117831631.0
Action|Thriller|Mystery,117724448.5
Thriller|Drama|Horror|Mystery|Science Fiction,117592831.0
Adventure|Drama|Romance|Action,117487473.0
Adventure|Drama|Action|Romance,117416081.33333333
Adventure|Animation|Comedy|Family|Fantasy,117197634.5
Horror|Comedy|Romance,116980662.0
Animation|Adventure|Comedy,116593181.0
Thriller|Action|Comedy|Crime|Drama,116193741.0
Comedy|Action|Adventure,115758184.33333333
Music|Comedy|Action|Crime,115229890.0
Adventure|Drama|Action|Romance|Family,115103979.0
Family|Comedy|Animation,114465749.0
Music|Drama|Romance|Crime,114194847.0
Drama|Adventure|History,113799892.5
Fantasy|Action|Science Fiction|Adventure,113231078.0
Science Fiction|Action|Adventure|Thriller,112939065.875
Comedy|Science Fiction|Fantasy|Horror,112892319.0
Comedy|Family|Action|Fantasy|Adventure|Mystery,112483764.0
Action|Adventure|Crime,112170829.0
Action|Adventure|Comedy,111948621.91666667
Action|Adventure,111535934.95238096
Action|Thriller|Science Fiction,111406124.13043478
Romance|Comedy|Adventure,111231041.0
Family|Fantasy|Comedy|Adventure,111127553.0
Crime|Drama|Mystery|Thriller|Action,110627965.0
Adventure|Animation|Family|Fantasy|Science Fiction,109578115.0
Action|Adventure|Thriller|Crime,108979549.0
Horror|Fantasy,108619030.45454545
Thriller|Science Fiction|Drama|Horror,108286421.0
Western|Adventure|Action,108103450.0
Horror|Drama|Science Fiction,107291710.75
Animation|Action|Adventure|Fantasy,106908502.8
Horror|Drama|Mystery|Thriller,106424794.5
Adventure|Family|Fantasy|Science Fiction|Thriller|Action,106303988.0
Adventure|Fantasy|Action|Comedy|Thriller,105316267.0
Drama|Romance|Science Fiction,105048957.66666667
Thriller|Science Fiction|Mystery,104990337.75
Crime|Drama|Comedy,104982736.25
Family|Comedy|Science Fiction|Adventure|Animation,104945765.0
Thriller|Action|Comedy|Science Fiction,104391623.0
Horror|Thriller|Crime,104271745.25
Horror|Mystery|Crime,103911669.0
Drama|Fantasy|Western,103800000.0
Fantasy|Drama|Romance,103442009.85714285
Thriller|Science Fiction|Drama|Mystery,103039258.0
Horror|Crime|Mystery|Thriller,102952888.0
Fantasy|Romance|Drama|Comedy,102854431.0
Western|Drama|Crime,102308889.0
Comedy|Science Fiction|Horror|Thriller,102000000.0
Animation|Crime|Mystery|Action|Drama,101860359.0
Comedy|Family|Animation|Adventure,101754687.0
Action|Science Fiction|Adventure|Comedy|Family,101702060.0
Action|Comedy|Crime|Fantasy,101434304.0
Action|Comedy|Fantasy,100921383.75
Drama|Thriller|Mystery|War,100860818.0
Drama|Music|History,100817495.5
Science Fiction|Adventure,100323911.85714285
Family|Fantasy|Science Fiction|Drama,100140916.0
Action|Thriller|Romance,98702789.66666667
Science Fiction|Action,98581871.85714285
Action|Drama|Mystery,98185582.0
Action|Comedy|Thriller|Romance,98159963.0
Family|Adventure|Comedy|Romance,97918663.0
Crime|Thriller|Mystery|Comedy,97644617.0
Adventure|Animation|Fantasy|Family,97571250.0
War|Drama|Action,97350696.25
Action|Fantasy|Science Fiction,96787520.83333333
Thriller|Action|Drama|Crime,96262212.0
Science Fiction|Mystery|Action,96085477.0
Drama|Fantasy|Romance,95889026.66666667
Adventure|Fantasy|Animation|Science Fiction|Family,95836416.5
Fantasy|Action|Adventure|Science Fiction,95800800.0
Action|Drama|Science Fiction|Thriller,95655712.0
Action|Adventure|Mystery|Science Fiction|Thriller,95427515.0
Fantasy|Action|Mystery,95396573.0
War|Action|Adventure|Drama|Thriller,94882889.0
Adventure|Action|Crime|Thriller,94216343.0
Action|History|Adventure|Drama,94061311.0
Family|Action|Adventure|Comedy,93945766.0
Thriller|Drama|Adventure|Action|History,93920758.0
Comedy|Crime|Drama|History,93400823.0
Adventure|Comedy|Fantasy|Family|Horror,93320380.0
Action|Comedy|Crime,92717647.93103448
Action|Comedy|Science Fiction,92100158.18181819
Action|Drama|Thriller|War,91753202.0
Action|Crime|Drama|Thriller,91299075.44827586
Horror|Thriller|Fantasy|Mystery,91188905.0
Comedy|Family|Science Fiction|Adventure,90683916.0
Adventure|Comedy,90628142.8
Mystery|Thriller|Action,90583580.5
Thriller|Action|Crime,90569863.54545455
Animation|Family|Fantasy|Comedy|Adventure|Mystery,90497778.0
Comedy|Adventure|Music,90029656.0
Fantasy|Action|Thriller|Science Fiction,89632602.0
Action|Adventure|Comedy|Western,88323487.0
Music|Comedy|Romance|Fantasy,88092097.0
Action|Science Fiction,88036096.16
Fantasy|Drama|Thriller|Romance,87892388.0
Comedy|Drama|Fantasy,87849640.66666667
Animation|Comedy|Family|Science Fiction,87503830.0
Fantasy|Horror|Comedy,87293039.0
Animation|Fantasy|Action|Adventure,87212911.0
Comedy|Action|Crime,87072419.5
Action|Mystery|Thriller,86812620.2
Comedy|Drama|Music|Romance,86667543.5
Horror|Science Fiction|Mystery,86351161.66666667
Action|Thriller|Crime,85812816.58536585
Mystery|Adventure|Crime,85241496.0
Comedy|Fantasy|Romance,85166020.16666667
Adventure|Action|Fantasy|Science Fiction|Thriller|Romance,85131830.0
Drama|Family|Animation|Adventure|Music,84542002.0
Thriller|Crime,84187633.63157895
Mystery|Fantasy|Adventure|Action,84168923.0
Fantasy|Drama|War,83258226.0
Animation|Family|Science Fiction|Fantasy,83061158.0
Action|Adventure|Drama|Thriller,82923326.875
Comedy|War|Drama,82468705.0
Action|Fantasy|Mystery|Crime,82102379.0
Fantasy|Comedy|Romance,81520632.4
Action|Thriller|War,81272766.0
Crime|Action|Science Fiction,81227658.0
Fantasy|Action|Thriller|Horror,81093313.0
Family|Action|Adventure|Animation|Comedy|Fantasy|Science Fiction,80936232.0
Thriller|Mystery|Science Fiction,80924727.5
Adventure|Action|Comedy|Thriller,80916492.0
Drama|Western,80828023.0
Action|Adventure|Thriller|Drama,80825977.0
Family|Animation|Adventure|Comedy|Fantasy|Action,80767884.0
Comedy|Adventure|Crime|Family,80383290.0
Drama|Science Fiction|Thriller,80371276.0
Animation|Family|Comedy,80291166.04347827
Action|Adventure|Fantasy|Thriller,80049611.0
Action|Adventure|Comedy|Fantasy|Mystery,79817939.0
Drama|Thriller|History,79708985.5
Action|Comedy|Crime|Thriller,79377402.2
Drama|History|Crime,79246004.0
Adventure|Animation|Family,78727354.66666667
Fantasy|Animation|Adventure,78683252.33333333
Science Fiction|Adventure|Action|Comedy|Family,78656813.0
War|Drama|History|Action,78558743.5
Animation|Action|Science Fiction|Drama,78334943.0
Thriller|Mystery,78028781.5909091
Drama|Crime|History,77948468.0
Romance|Comedy|Crime,77946309.0
Drama|Horror|Mystery|Thriller,77802131.4
Fantasy|Horror|Action|Thriller,77505016.0
Drama|Thriller|Action|Adventure,77278331.0
Music|Comedy|Drama|Romance,77211836.0
Science Fiction|Action|War,76932943.0
Adventure|Comedy|Science Fiction,76698388.0
Drama|Mystery|Thriller|Horror,76472330.0
Family|Adventure|Animation|Comedy|Action,76432727.0
Drama|History|Crime|Thriller|Action,76286096.0
Action|Drama|History|War,76281101.66666667
Action|Adventure|Comedy|Fantasy,76000000.0
Comedy|Science Fiction|Action|Adventure,75850624.0
Action|Drama|Fantasy,75798191.66666667
Comedy|Crime|Drama,75240021.58333333
Fantasy|Drama|Horror|Action|Thriller|Science Fiction,75108998.0
War|Action|Drama|History,74937913.5
Comedy|Fantasy|Adventure,74807602.0
Horror|Thriller|Romance|Mystery,74679822.0
Animation|Comedy|Adventure|Family|Science Fiction,74597643.0
Crime|Action|Comedy|Drama,74516441.0
Animation|Family|Science Fiction,74473122.85714285
Science Fiction|Action|Thriller,74429370.5
Comedy|Crime|Action,74350043.0
Action|Thriller|Adventure|Science Fiction,74208267.0
Action|Drama|Thriller,74204595.46875
Action|Fantasy|Thriller,74154234.0
Fantasy|Action|Thriller,73946701.66666667
Drama|Adventure,73807761.8
Action|Adventure|Drama,73623107.9
Thriller|Drama|Mystery,73167744.33333333
Adventure|Drama|War,73062751.33333333
Action|Comedy|Documentary,72778712.0
Adventure|Drama|Family,72635675.33333333
Adventure|Fantasy|Animation|Family,72602306.0
War|Drama|Action|History,72539540.0
Adventure|Family|Science Fiction,71992655.0
Science Fiction|Mystery|Adventure,71923560.0
Drama|Mystery|Thriller|Crime,71832359.25
Action|Comedy|Thriller|Crime,71255003.0
Fantasy|Family|Animation|Adventure,71215869.0
Action|Comedy|Thriller|Crime|Family,71079915.0
Romance|Fantasy|Drama|Comedy,71074049.0
Horror|Comedy|Fantasy|Thriller,71041255.0
Comedy|Romance|Drama,70938617.45714286
Comedy|Fantasy|Horror,70929720.0
Adventure|Horror|Action|History,70752904.0
Adventure|Action|Comedy|Romance,70719096.2
Drama|History|Mystery|Thriller,70600000.0
Adventure|Drama|Romance,70595837.0
Drama|Action|Thriller|Science Fiction,70595464.0
War|History|Adventure|Drama,69995385.0
Drama|Action|History,69802362.0
Crime|Mystery|Thriller,69779729.57142857
Comedy|Action|Adventure|Thriller,69631118.0
War|Action|History|Thriller|Drama,69411370.0
Drama|War,69261510.57692307
Action|Drama|Mystery|Thriller|Crime,69244778.5
Comedy|Family|Romance,69160052.0
Family|Adventure|Comedy|Drama|Fantasy,69131860.0
Action|Drama|Fantasy|Mystery|Science Fiction,69000000.0
Action|Adventure|Drama|Fantasy,68986828.25
History|Drama,68986097.0
Adventure|Comedy|Drama|Fantasy,68855107.33333333
Comedy|Romance,68533545.91542289
Adventure|Fantasy|Animation|Action|Family,68411275.0
Horror|Crime,68075217.0
Action|Thriller|Adventure|Crime,67921573.0
Horror|Action|Fantasy,67918658.0
Adventure|Action|Animation,67690089.66666667
Science Fiction|Comedy|Crime,67683989.0
Action|Drama|Romance|Thriller,67091915.0
Adventure|Drama|Action|History|War,66976317.0
Comedy|Adventure|Family|Fantasy,66909141.5
Adventure|Comedy|Family,66711660.166666664
Fantasy|Adventure|Comedy|Family,66450000.0
Thriller|Drama|History,66410358.0
Adventure,66177464.833333336
Family|Drama|Music,66122026.0
Comedy|Family|Adventure|Fantasy|Romance,66002004.0
Family|Action|Adventure|Science Fiction|Fantasy,66000000.0
Drama|Thriller|Action,65573466.0
Drama|Comedy|Crime,65369993.25
Family|Action|Adventure|Comedy|Fantasy,65270477.0
Science Fiction|Comedy|Family|Fantasy,65088797.0
Family|Fantasy|Science Fiction|Adventure|Comedy,65079104.0
Fantasy|Animation|Family,65006702.428571425
Science Fiction|Comedy|Adventure,64780213.0
Science Fiction|Thriller|Horror,64514132.2
History|Romance|Drama,64249602.5
Adventure|Comedy|Animation,64241499.0
Crime|Drama|Action|Thriller,64141314.5
Horror|Thriller|Mystery|Science Fiction,64110728.0
Action|Science Fiction|Animation,63867747.0
Crime|Thriller|Romance|Drama,63848322.0
Comedy|Music|Romance|Drama,63464861.0
Action|Adventure|Romance|Science Fiction|Thriller,63327201.0
Romance|Adventure|Drama,62832209.0
Music|Drama|Romance|Family,62646763.0
Crime|Action|Comedy,62231347.666666664
Comedy|Adventure|Action,62051838.0
Action|Crime|Thriller|Horror,62022014.0
Drama|History|War,61801896.384615384
Animation|Action|Fantasy|Adventure,61793529.4
Family|Animation|Adventure|Comedy|War,61746888.0
Adventure|Action|Drama|History,61700000.0
Fantasy|Action|Comedy|Crime,61648500.0
Romance|Animation|Fantasy,61631776.0
Comedy|Family|Fantasy,61631008.9375
Drama|Thriller|Horror,61446380.25
Science Fiction|Thriller|Mystery,61304324.333333336
Comedy|Drama|Family,60475958.5
Comedy|Drama|Romance,60470376.2735849
Science Fiction|Drama,60459772.23076923
Family|Animation|Music|Adventure|Fantasy,60330833.0
Action|Thriller|Drama|Crime,60161391.0
Family|Comedy,60068710.0
Action|Adventure|Comedy|Crime,60000000.0
History|War|Drama|Adventure,60000000.0
Animation|Science Fiction|Family|Comedy,60000000.0
Drama|Action|History|Thriller,59802436.333333336
Comedy|Animation|Adventure|Family|Fantasy,59779555.0
Drama|Romance|Music,59737811.333333336
Action|Science Fiction|Thriller,59491395.52941176
Horror|Mystery,59388718.897435896
Comedy|Family|Science Fiction,59325742.0
Mystery|Science Fiction|Thriller,59226876.5
Action|Crime|Thriller,58921583.84057971
Romance|Adventure,58853106.0
Horror|Action|Science Fiction,58827394.571428575
Comedy|Documentary|Action,58612135.5
Action|Adventure|Comedy|Family,58382396.4
Animation|Adventure|Family|Fantasy,58357146.28571428
Comedy|Fantasy|Romance|Horror,58292295.0
Action|Adventure|Fantasy|Science Fiction|Thriller,58228460.0
Action|Adventure|Comedy|Thriller,57978761.25
Mystery|Action|Thriller|Science Fiction|Adventure,57958696.0
Adventure|Comedy|Family|Fantasy|Science Fiction,57881056.0
Music|Comedy,57784835.8
Drama|Romance|Comedy|Music,57588485.0
Action|Comedy|Thriller,57473210.166666664
Animation|Drama|Family,57439031.8
Comedy|Crime,57355421.803921565
Comedy|Action|Science Fiction,57178574.5
Thriller|Drama|Crime|Mystery|History,56996304.0
Horror|Comedy|Action|Science Fiction|Thriller,56870414.0
Crime|Comedy,56186027.428571425
Crime|Drama|Thriller|Action,56076908.25
Drama|Mystery|Science Fiction,56056655.5
Animation|Drama|Family|Fantasy,55060661.0
Mystery|Horror|Action,54956140.0
Action|Comedy|Crime|Drama,54900701.0
Comedy|Adventure|Fantasy|Science Fiction|Action,54682547.0
Drama|Thriller|Science Fiction,54563056.0
Mystery|Comedy|Crime,54158838.0
Animation|Family,54089523.96551724
Adventure|Fantasy|Animation|Drama|Family,54016370.0
Comedy|Western,53508758.2
Action|Crime,53473733.548387095
Drama|Action,53368684.375
Comedy|Drama|War,53002082.75
Action|Thriller,52607872.88429752
Crime|Mystery|Thriller|Action,52589280.5
Comedy|Music,52513617.5
Comedy|History,52495846.666666664
Comedy|Adventure|Fantasy,52395996.0
History|Music|Drama,51973029.0
Adventure|Romance|Drama,51842679.0
Action|Adventure|Drama|Mystery,51723285.0
Fantasy|Animation|Romance|Family,51600000.0
Mystery|Horror,51418001.0
Romance|Drama|Thriller|Crime,51148651.0
Animation|Comedy|Family|Crime,51053787.0
Music|Drama|Romance,51025826.666666664
Drama|War|History,50794529.0
Comedy|Romance|Drama|Family,50732139.0
Fantasy|Thriller|Mystery,50710400.0
Comedy|Science Fiction|Adventure|Family,50650079.0
Action|Crime|Drama|History|Thriller,50548152.0
Animation|Family|Comedy|Adventure|Romance,50500000.0
Comedy|Drama|Family|Fantasy,50236831.0
Family|Animation|Comedy,50132979.9375
Family|Comedy|Drama|Romance,50007546.0
Comedy|Drama|History,49941044.333333336
Drama|Music|Romance,49915251.583333336
Animation|Fantasy|Action|Adventure|Drama,49714378.0
Thriller|Horror|Action,49685126.0
Action|Comedy|Drama,49258927.0
History|Drama|War|Action,49196532.0
Comedy|Science Fiction|Action,49188146.0
Thriller|Crime|Action|Horror,49078000.0
Action|Drama|History,48732246.4
Animation|Adventure|Comedy|Family|Fantasy,48718553.0
Comedy|Family,48621008.431372546
Comedy|Music|Romance,48611107.0
Horror|Comedy|Action|Adventure|Fantasy,48572000.0
Action|Adventure|Animation|Science Fiction|Thriller,48428063.0
Drama|Romance|Comedy,48320113.333333336
Action|Comedy|Fantasy|Romance,48000000.0
Adventure|Drama,47676584.2
Romance|Science Fiction|Drama,47351251.0
Action|Adventure|Crime|Mystery|Thriller,47326966.0
Comedy|Drama|Family|Fantasy|Science Fiction,47301471.0
Horror|Fantasy|Adventure|Mystery,47078545.0
Family|Animation|Comedy|Fantasy|Adventure|Music,47000000.0
Comedy|Drama|Science Fiction,46995915.0
Animation|Adventure|Comedy|Fantasy,46901774.0
Action|Drama|Thriller|Crime,46844243.0
Action|Adventure|Drama|History|Romance|War,46670360.5
Comedy|Family|Drama,46589624.5
Family|Adventure|Drama,46554656.25
Drama|Crime|Music,46442528.0
Family|Comedy|Action,46416544.5
Crime|Drama|Thriller,46269397.27941176
Comedy|Drama|History|Adventure,46152411.0
Drama|Romance,45990042.30331753
Action|Comedy|Horror|Thriller,45867333.0
Comedy|Action|Drama,45552553.333333336
Drama|Thriller|Mystery,45486732.571428575
Drama|Thriller|Crime|Adventure,45361000.0
Thriller|Crime|Drama|Mystery,44996716.8
Drama|Crime,44746670.31111111
Science Fiction|Action|Horror,44734776.25
Drama|Romance|War,44705963.63636363
Science Fiction|Horror|Thriller,44664313.5
Drama|Thriller|Crime,44641410.777777776
Fantasy|Thriller|Horror,44581081.0
Adventure|Comedy|Romance,44573652.0
Science Fiction|Family|Comedy|Animation,44460850.0
Drama|Mystery|Thriller,44350544.11764706
Horror|Drama|Thriller|Adventure,44235023.0
Drama|Mystery|Science Fiction|Thriller,44107206.5
Comedy|Family|Animation,44000000.0
Action|Adventure|Fantasy|Horror|Science Fiction|Thriller,43920021.0
Romance|Drama|History,43896282.666666664
Action|Thriller|Drama,43799781.27272727
Action|Comedy|Family,43440810.5
Action|Fantasy|Horror,43429453.666666664
Crime|Thriller|Horror,43203413.0
Drama|Action|Thriller|Crime,43125837.25
Crime|Animation|Adventure|Mystery,43000000.0
Fantasy|Science Fiction,42918532.0
Horror|Mystery|Thriller,42834190.80851064
Mystery|Drama|Romance,42756150.0
War|Action|Comedy|Drama,42724017.0
Drama|Family|Romance,42663616.0
Drama|Thriller|Crime|Romance,42653187.0
Crime|Drama|Family,42580321.0
Family|Adventure|Animation|Fantasy|Action,42538454.0
Documentary|Family,42464079.666666664
Horror|Drama|Fantasy,42295573.833333336
Animation|Drama|Mystery|History,42187665.0
Adventure|Comedy|Family|Fantasy|Romance,42000000.0
Drama|Crime|Thriller,41949765.9047619
Horror|War|Science Fiction,41657844.0
War|History|Action,41509280.0
Science Fiction|Action|Drama|Romance|Adventure|Thriller,41142379.0
History|Drama|Comedy,41062402.5
Thriller|Action|Mystery,41047474.0
Drama|Music,41018084.95
Action|Comedy|Romance,40943639.25
Action|Horror|Science Fiction|Thriller,40882928.0
Adventure|Animation|Family|Western,40766041.0
Action|Adventure|Crime|Thriller,40632858.2
Fantasy|Adventure|Family|Animation,40577001.0
Animation|Science Fiction|Action|Drama,40549995.333333336
Mystery|Adventure|Comedy|Crime,40462793.0
Drama|Fantasy|Horror|Mystery,40423945.0
Crime|Drama|History|Thriller,40306840.5
Science Fiction|Drama|Romance|Comedy,40263020.0
Western|Comedy,39833333.333333336
Thriller|Crime|Action,39784937.0
Family|Animation|Adventure,39757525.63636363
Comedy|Western|Adventure,39200000.0
Drama|Fantasy,39157647.27272727
Drama|History,39089641.279569894
Mystery|Thriller|Horror,39035831.7
Action|Comedy|Thriller|Crime|Science Fiction,39031337.0
Thriller|Crime|Mystery,38937976.625
Thriller|Drama|Romance,38855779.6
Adventure|Crime|Family|Comedy,38830219.0
Comedy,38804921.288636364
Family|Adventure|Animation|Fantasy,38800000.0
Adventure|Family|Science Fiction|Thriller,38793283.0
Animation|Family|Adventure|Mystery,38625550.0
Drama|History|Comedy,38573389.0
Adventure|Comedy|Drama|Family,38530920.0
Thriller|Western|Adventure,38364277.0
Crime|Drama|Horror|Thriller,38246663.75
Comedy|Drama|Family|Fantasy|Romance,38159905.0
Comedy|Adventure,37928924.55555555
Drama|Action|Thriller|Crime|Mystery,37917863.5
Action|Crime|Thriller|Mystery,37859972.666666664
Action|Fantasy|Adventure,37805746.0
Action|Fantasy,37682623.11111111
Western|Crime,37589296.0
Action|Animation|Adventure|Comedy,37430591.5
Drama|Action|Thriller,37427253.23076923
Drama|History|Crime|Thriller,37357216.0
Comedy|Science Fiction,37340984.461538464
Horror|Mystery|Thriller|Drama,37080606.333333336
Western|Drama|History,36976336.0
Action|Crime|Drama,36970467.94444445
Animation|Action|Science Fiction|Family|Adventure,36754634.0
Adventure|Action|Comedy,36741724.428571425
Drama|Comedy|Romance,36727299.6875
Adventure|Family|Drama,36689609.0
Drama|Thriller|Crime|Mystery,36599430.375
Family|Comedy|Adventure,36560480.6
Horror|Crime|Mystery,36544468.0
Science Fiction|Comedy|Family,36450736.0
Drama|Comedy|Music,36426754.333333336
Family|Animation|Romance,36359037.0
Science Fiction|Drama|Romance,36129063.0
Adventure|Comedy|Crime,35934163.5
Animation|Adventure|Family,35896589.90909091
Comedy|Mystery,35818644.333333336
Crime|Drama|Mystery|Thriller,35765666.17391305
Romance|Comedy,35711532.7027027
Action|Adventure|Drama|History|War,35500000.0
Family|Animation|Action|Adventure|Fantasy|Science Fiction,35478868.5
Romance|Drama|Comedy,35336763.6
Action|Adventure|Comedy|Family|Fantasy|Science Fiction,35278623.0
Drama|Horror|Science Fiction|Thriller,35273557.0
Drama|Comedy|Family,34842725.75
Thriller|Drama|Crime,34714820.85714286
Thriller|Adventure|Mystery|Fantasy|Horror|Science Fiction,34592118.0
Drama|Thriller|War,34505569.75
Animation|Drama|Science Fiction,34394825.5
Thriller|Drama|Crime|Horror,34266564.0
Comedy|Drama|Family|Romance,34252118.333333336
Music|Documentary,34181137.166666664
Animation|Action|Science Fiction|Adventure,34141422.0
Fantasy|Adventure|Action|Mystery,34100000.0
Animation|Adventure|Romance,34061097.0
Drama|History|Romance,34038956.36363637
Drama|Thriller|Crime|History,33917632.0
Fantasy|Horror|Thriller,33758965.5
Animation|Drama|Romance|Family,33748006.0
Fantasy|Comedy|Drama,33460895.5
Comedy|Crime|Drama|Romance|Thriller,33013805.0
Romance|Fantasy|Drama,32831638.0
Crime|Thriller|Horror|Drama,32721635.0
Comedy|Animation|Family|Adventure|Science Fiction|Fantasy,32700000.0
Horror|Thriller|Mystery,32674307.170212764
Science Fiction|Adventure|Drama|Action,32589624.0
Romance|Thriller,32531380.0
Animation|Family|Fantasy,32528850.8
Family|Animation|Comedy|Adventure|Fantasy|Music,32450241.0
Crime|Action|Comedy|Thriller,32392047.0
Animation|Family|Adventure|Comedy|Science Fiction,32381362.0
Family|Fantasy|Animation|Adventure,32302699.666666668
Thriller|Mystery|Adventure,32181217.5
Romance|Comedy|Drama,32163221.42857143
Drama|Family,32155026.722222224
Action|Adventure|Fantasy|Family,32140970.0
Science Fiction|Drama|Romance|Action,32104054.0
Action|Drama|Thriller|Romance,32000000.0
Thriller|Drama|Mystery|Crime,31882724.0
Drama|Comedy,31575838.76811594
Music|Drama,31512690.611111112
Horror|Science Fiction|Mystery|Thriller,31505287.0
Action|Comedy|Music,31439140.0
Fantasy|Comedy|Adventure,31429330.0
Comedy|Drama|Horror|Mystery|Thriller,31347154.0
Thriller|Action|Drama,31225593.444444444
Science Fiction|Drama|Thriller,31202600.333333332
Drama|Romance|Fantasy,31156603.57142857
Crime|Thriller,31083161.26470588
Mystery|Adventure|Comedy|Romance|Drama,30987695.0
Adventure|Family|Fantasy|Comedy|Romance,30861665.0
Mystery|Thriller,30815962.333333332
Drama|Fantasy|Mystery|Romance,30800231.0
Horror|Thriller|Fantasy|Drama,30749142.0
Drama|Science Fiction|Horror,30744632.5
Mystery|Drama|Horror,30658387.0
Adventure|Drama|Horror,30628667.0
Action|Comedy,30618884.542372882
War|Romance|Drama,30500000.0
Comedy|Science Fiction|Romance,30448073.5
Action|Horror|Thriller,30320388.1
Fantasy|Action|Thriller|Science Fiction|Mystery,30231200.0
Action|Family|Fantasy|Adventure|Comedy,30060061.0
Crime|Action|Drama|Thriller,30039255.666666668
Drama|Science Fiction|Mystery|Romance,30002758.0
Horror|Thriller|Science Fiction,29889344.0
War|Drama|Romance|Action|Adventure,29882645.0
Crime|History,29800000.0
Adventure|Fantasy|Action|Comedy|Science Fiction,29762011.0
Action|Comedy|Thriller|Mystery,29677944.0
Adventure|Drama|History,29549350.5
Western|Adventure,29500000.0
Comedy|Drama|Fantasy|Romance,29404574.5
Adventure|Fantasy|Animation|Action|Comedy|Thriller|Science Fiction|Family,29170410.0
Drama|History|Thriller,29084533.777777776
Action|Adventure|Science Fiction|War,29000000.0
Comedy|Drama,28987228.37857143
Adventure|Animation|Family|Fantasy|Music,28946127.0
Fantasy|Thriller|Action|Crime,28931401.0
Comedy|Romance|Crime,28878204.0
Comedy|Action|Adventure|Family,28818995.0
Comedy|Horror|Thriller,28818677.5
Animation|Action|Comedy|Science Fiction,28646544.0
Adventure|Drama|Action|Thriller,28611945.0
Comedy|Animation|Family,28201128.5
Adventure|Drama|Family|Fantasy|Science Fiction,28200000.0
Action|Adventure|Crime|Science Fiction|Thriller,28188691.5
Drama|Romance|Adventure|Action,28000000.0
Horror|Drama|Thriller,27928633.0
Animation|Family|Fantasy|Adventure|Drama,27526961.0
Thriller|History|Drama,27325902.0
Mystery|Science Fiction,27200316.0
Drama|Animation|Family|Comedy|Fantasy,27100027.0
Drama|Thriller|Comedy,27007072.0
Thriller|Mystery|Drama,26905287.166666668
Animation|Fantasy|Family,26898583.5
Crime|Drama|Western,26838290.0
Action|Thriller|Comedy|Crime,26820641.0
Fantasy|Thriller,26810113.0
Animation|Adventure|Fantasy|Action|Family,26654184.0
Comedy|War,26576452.666666668
Horror|Mystery|Science Fiction|Thriller,26559557.0
Comedy|Action,26547193.523809522
Animation|Family|Fantasy|Comedy,26441892.0
Action|Drama,26366545.393939395
Family|Animation|Comedy|Adventure|Fantasy,26249469.0
Horror|Thriller,26190229.44390244
Action|Drama|History|Thriller,26049545.0
Comedy|Romance|Science Fiction,25967024.0
War|Drama|History,25950041.5
Horror|Action|Thriller|Crime,25836616.0
Family|Adventure|Fantasy,25767860.75
Action|Fantasy|Horror|Science Fiction,25708232.0
Romance|Drama|Music,25633243.0
Fantasy|Horror|Thriller|Science Fiction,25480490.0
Action|Horror|Crime|Thriller,25399945.0
Comedy|Fantasy|Science Fiction,25342754.25
Adventure|Comedy|Family|Romance,25333333.0
Thriller|Crime|Drama,25305207.545454547
Action|Adventure|Fantasy|War,25303038.0
Crime|Drama|Action|Thriller|Horror,25232289.0
Mystery|Thriller|Crime,25132707.666666668
Adventure|Drama|Thriller,25066058.333333332
Western|Drama|Action|Adventure,25052000.0
Comedy|Music|Romance|Crime,25000000.0
Thriller|Horror|Mystery,24927732.181818184
Crime|Drama|Romance|Thriller,24757396.5
Action|Thriller|Crime|Mystery,24617113.333333332
Drama,24513233.33397313
Thriller|Romance|Mystery,24500000.0
Action|Mystery|Fantasy,24340302.0
Drama|Fantasy|Mystery,24261723.0
Animation|Action|Thriller|Adventure|Fantasy,24200000.0
Fantasy|Romance,24025323.666666668
Horror|Action|Thriller,24000774.769230768
Adventure|Action|Family,23937870.0
Drama|History|Music,23930683.5
Animation|Comedy|Music,23833131.0
Thriller|Action|Crime|Drama,23739387.0
Comedy|Music|Drama,23523354.8
Action|Adventure|Drama|History,23469090.333333332
Western|Action,23394659.333333332
Crime|Drama|Thriller|History,23355100.0
Comedy|Crime|Drama|Mystery,23229371.0
Family|Animation|Adventure|Science Fiction|Comedy,23159305.0
Fantasy|Drama|Family,23132192.0
Fantasy|Romance|Family|Comedy,23006849.0
Thriller|Crime|Horror,22986417.75
Family|Adventure|Animation|Comedy|Fantasy,22967767.5
Comedy|Action|Family|Drama,22955097.0
Science Fiction|Mystery|Thriller,22942477.666666668
Action|Crime|Drama|Thriller|Mystery,22942221.0
Drama|Horror,22876510.692307692
Comedy|Crime|Thriller,22815061.75
Drama|Romance|Crime,22769922.2
Western,22736032.739130434
Family|Science Fiction|Fantasy|Comedy,22300000.0
Romance|Science Fiction|Drama|Fantasy,22187813.0
Horror|Fantasy|Thriller,22059211.0
Family|Animation|Adventure|Fantasy,22056305.5
Animation|Action|Adventure|Family,22047998.0
Action|Adventure|Comedy|Crime|Drama|Thriller,21890845.0
Documentary|Adventure,21790193.0
Comedy|Family|Science Fiction|Drama,21630088.0
Adventure|Comedy|Drama|Romance,21611204.0
Drama|Horror|Thriller,21482381.76
Comedy|Science Fiction|Family,21274717.0
Animation|Music|Comedy,21000000.0
Drama|Science Fiction,20728905.230769232
Animation|Action|Adventure|Fantasy|Romance|Science Fiction,20725409.0
Action|Horror|Mystery|Science Fiction|Thriller,20648328.0
Adventure|History|Action,20566299.666666668
Drama|Horror|Mystery,20400236.125
Drama|Western|Crime,20211394.0
Drama|Family|Fantasy|Adventure,20158808.0
Animation|Romance|Fantasy|Action|Drama,20150000.0
Animation|Science Fiction|Adventure|Fantasy|Music,20100000.0
Drama|Science Fiction|Animation|Action,20000000.0
Adventure|War,20000000.0
Animation|Action|Fantasy|Drama|Romance,19790000.0
Thriller|Drama,19752373.666666668
Adventure|Comedy|Drama,19695662.57142857
Drama|Animation|Romance|War|History,19496308.0
Family|Animation,19484686.782608695
Drama|Romance|Science Fiction|Adventure,19454845.0
Comedy|Crime|Romance,19351569.0
Fantasy|Drama|Science Fiction|Romance,19271312.0
Drama|Romance|Crime|Mystery,19255873.0
Comedy|Horror|Fantasy,19246344.0
Crime|Drama|Action,19172750.0
Drama|Family|Fantasy|Romance|Science Fiction,19158074.0
Adventure|Science Fiction|Mystery,18999718.0
Romance|Drama,18922891.260869566
Animation|Fantasy|Science Fiction,18900000.0
History|Drama|Thriller,18878646.0
Science Fiction|Mystery,18717947.0
Family|Science Fiction|Adventure,18564613.0
Family|Fantasy|Comedy,18547990.85714286
Action|Science Fiction|Thriller|Crime,18409891.0
Action|Comedy|Western|Crime,18381890.0
War,18366666.666666668
Drama|Comedy|Western,18340000.0
Crime|Drama,18332734.57142857
Thriller|Drama|Action,18299404.75
Comedy|Drama|Mystery,18291495.2
Drama|Thriller,18231737.60784314
Crime|Drama|Music,18197518.0
Adventure|Drama|Fantasy,18192220.0
Thriller|Action,18159907.523809522
Drama|Fantasy|Thriller|Horror,18123239.0
Adventure|Animation|Family|Comedy|Fantasy,18115724.0
Action|Drama|War,18024469.0
Action|Animation|Drama|Science Fiction|Thriller,18000000.0
Action|Adventure|Family|Fantasy|Science Fiction|Thriller,17979739.0
Action|Crime|Mystery|Thriller,17976667.0
Family|Comedy|Animation|Adventure,17810386.0
Drama|History|Romance|Thriller|Adventure|War,17800000.0
Drama|War|Romance|History,17709155.0
Horror|Mystery|Thriller|Crime,17671101.0
Drama|Adventure|Family,17643857.0
Animation|Adventure|Family|Western,17635215.0
Science Fiction|Adventure|Action|War,17626234.0
Thriller|Fantasy,17440800.0
Action|Animation|Drama|Fantasy|Romance,17422935.0
Fantasy|Horror|Science Fiction|Thriller,17407888.5
Science Fiction|Action|Crime,17374595.0
Action|Fantasy|Science Fiction|Adventure|Thriller,17336370.0
Science Fiction|Thriller|Drama|Romance|Mystery,17325485.0
Comedy|Drama|Crime,17266891.5
Action|Crime|Thriller|Drama,17261462.4
Horror|Comedy|Fantasy,17225188.0
Music|Fantasy|Action|Family,17177993.0
Family|Drama|Comedy,16997234.25
Animation|Drama|Fantasy,16994759.0
Music|Drama|Comedy,16991902.0
Horror,16990385.582608696
Thriller|History|Drama|Action,16872691.0
Family|Drama,16786863.875
Horror|Science Fiction|Thriller,16668340.6
Drama|Action|History|War,16653488.0
War|Action|Science Fiction,16647800.0
Fantasy|Animation|Science Fiction|Family,16600000.0
Crime|Drama|Mystery,16585819.785714285
Comedy|Crime|Mystery,16570423.333333334
Action|Romance|Animation,16500000.0
Action|War,16431713.6
Horror|Action,16397941.25
Romance|Horror|Comedy|Thriller,16374328.0
Animation|Fantasy|Action,16341966.0
Crime|Thriller|Animation,16330622.0
War|Drama|Adventure,16322067.0
Action|History|Drama,16207953.666666666
Adventure|Drama|Action|History,16109011.5
Horror|Drama|Mystery,16056031.333333334
Action|Drama|Family|Adventure,15876353.0
Comedy|Crime|Mystery|Thriller,15785148.0
Western|Drama|Mystery,15700000.0
Crime|Action,15578390.2
Romance|Comedy|Family,15529709.0
Adventure|Fantasy|Horror|Family,15360553.0
Comedy|Drama|Music|Romance|War,15313606.0
Drama|Adventure|Science Fiction|Romance,15304890.0
Drama|Adventure|Fantasy,15185241.0
Comedy|Family|Music|Romance,15171476.0
Drama|Fantasy|Horror,15166054.666666666
Thriller|Science Fiction,15113514.0
Comedy|Fantasy|Horror|Thriller,15104310.0
Action|Adventure|Horror|Thriller,15007991.0
Romance|Adventure|Science Fiction|Drama,14793385.0
Action|Drama|Western,14711793.0
Drama|Mystery|Comedy,14710975.0
Family|Animation|Fantasy|Adventure|Music,14665733.0
Comedy|Thriller|Crime|Mystery,14643997.0
Mystery,14560084.0
Science Fiction|Thriller|Drama|Mystery,14154511.0
Mystery|Drama,14149747.5
Crime|Drama|History|Romance,14096321.0
Music|Action|Comedy|Crime,14051384.0
Animation|Drama,14015986.0
Action,13928636.63392857
Fantasy|Mystery|Thriller,13896600.0
Fantasy|Adventure|Comedy,13829165.5
Comedy|Horror|Science Fiction,13790519.0
Crime|Action|Thriller,13728778.0
Adventure|Horror,13727773.5
Family|Fantasy|Science Fiction|Animation,13670688.0
Action|Adventure|Crime|Drama|Thriller,13651534.333333334
Crime|Thriller|Romance,13625404.5
Comedy|Romance|Drama|Music,13624522.0
Music|Animation|Family|Fantasy,13603453.0
Adventure|Animation|Action|Comedy|Family,13596911.0
Horror|Science Fiction,13512887.037037037
Fantasy|Drama,13482227.0
Comedy|Mystery|Romance|Thriller,13475000.0
Animation|Adventure|Action,13422333.0
Romance|Thriller|Drama,13206746.666666666
Music|Fantasy|Drama|Comedy|Romance,13200000.0
Mystery|Animation|Fantasy,12947880.0
Horror|Action|Thriller|Science Fiction,12925357.2
Thriller|Action|Comedy|Crime,12881605.0
Horror|Science Fiction|Fantasy|Mystery|Thriller,12834936.0
Drama|Comedy|Fantasy,12780692.0
Thriller|Action|Horror,12711044.0
Animation|Adventure|Fantasy|Action,12705094.0
Action|Thriller|Crime|Romance,12600000.0
Thriller|Science Fiction|Mystery|Romance,12532777.0
Family|Comedy|Adventure|Action|Science Fiction,12506188.0
Animation|Adventure|Fantasy,12422237.0
Romance|Crime|Drama,12376625.0
Animation|Fantasy|Romance|Drama,12319812.0
Science Fiction|Thriller,12202783.44
History|Romance,12200000.0
Action|Thriller|Crime|Drama,12193170.8
Drama|Mystery|Thriller|Fantasy,12141122.0
Animation|Family|Music,12131084.0
Animation|Adventure|Family|Comedy|Music,12127842.0
Drama|Romance|Adventure,12073071.666666666
Action|Adventure|Science Fiction|Fantasy|Thriller,12000000.0
Comedy|Drama|Mystery|Thriller,11879046.0
Adventure|Drama|History|Thriller|War,11744471.0
Drama|Action|Crime,11697956.272727273
Thriller|Science Fiction|Adventure|Action,11665465.0
Drama|Fantasy|Horror|Mystery|Romance|Thriller,11560806.0
Horror|Drama,11518408.181818182
Comedy|Drama|Music,11420667.166666666
Action|Horror,11402901.8
Adventure|Animation|Fantasy,11257622.0
Adventure|Action|Horror|Science Fiction,11203026.0
Family|Comedy|Drama,11154335.5
Horror|Comedy,11143858.75
Drama|Music|Romance|Comedy,11122090.0
Adventure|Fantasy|Action|Western|Thriller,11087569.0
Action|History|Thriller|Fantasy,11083449.0
Animation|War|Drama,11000000.0
Drama|Fantasy|Animation,10841702.0
Adventure|Romance,10814000.0
Animation|Action|Adventure,10559813.5
Action|Western|Drama|Fantasy|Thriller,10539000.0
Drama|Horror|Crime,10450929.5
Action|Adventure|Family|Fantasy,10273082.0
Family|Adventure,10160474.4
Animation|Action|Comedy,10088325.75
Drama|Thriller|Mystery|Action,10083386.0
Thriller|Drama|Horror,10064158.666666666
Animation|Romance|Family,10054356.0
Thriller|Mystery|Drama|Horror|Crime,9900000.0
Science Fiction|Drama|Mystery,9862167.0
Horror|Mystery|Science Fiction,9854768.0
Animation|Action|Family|Science Fiction,9775533.5
Crime|Thriller|Action,9748618.333333334
Comedy|Drama|Romance|Science Fiction,9636289.0
Action|Drama|Crime|Thriller|Mystery,9602464.5
Comedy|Action|Fantasy,9580984.5
Crime|Drama|History,9580131.666666666
Adventure|Mystery|Animation,9530662.0
Drama|Comedy|War,9440272.0
Comedy|Adventure|Romance,9377968.0
Western|Action|Thriller,9318268.5
Science Fiction,9305243.714285715
Comedy|Romance|Fantasy|Drama,9128263.0
Thriller,9115378.835051546
Comedy|Horror,9057166.142857144
Adventure|Drama|Comedy,9045467.75
Western|Adventure|Drama|Romance,9012000.0
Thriller|Action|Science Fiction,8857815.5
Animation|Adventure|Comedy|Family|Fantasy|Music,8751856.0
Action|Animation|Fantasy|Adventure,8749681.0
Comedy|Thriller|Crime,8723550.333333334
War|Drama|History|Romance,8654322.0
Fantasy|Adventure|Drama,8566723.0
Science Fiction|Horror,8506861.777777778
Action|Drama|Crime,8279246.4
Family|Animation|Adventure|Comedy|Crime,8194857.0
Animation|Comedy|Drama|Family|Adventure,8109160.0
Drama|History|Comedy|Family,8096007.0
Action|Adventure|Comedy|Drama|Fantasy|Animation,8084148.0
Crime|Horror|Thriller|Drama,7938872.0
Action|Thriller|Drama|Adventure,7936012.0
Action|Adventure|Horror,7910928.0
Crime|Drama|Mystery|Romance|Thriller,7875000.0
Mystery|Romance|Thriller,7797728.0
Mystery|Horror|Thriller,7770657.833333333
Animation|Thriller,7687893.666666667
Animation|Science Fiction|Thriller,7659918.0
Animation|Comedy,7557963.909090909
Fantasy|Drama|Mystery,7500000.0
Crime|Drama|Romance,7478741.125
Adventure|Animation|Action|Fantasy,7449778.0
Adventure|Fantasy|Animation|Action|Science Fiction,7401480.0
Horror|Crime|Drama,7398118.0
Action|Crime|Science Fiction,7354348.0
Thriller|Horror,7336120.402985075
Family|History|Drama,7299662.0
Crime|Action|Drama,7284568.428571428
Family|Animation|Fantasy|Adventure|Comedy,7235829.0
Adventure|Fantasy|Action|Science Fiction,7148219.0
Action|Adventure|Comedy|Drama|Animation,7090891.0
Adventure|Fantasy|Drama|Science Fiction|Romance|Family,7070330.0
Fantasy|Action|Science Fiction,7033683.0
Animation|Adventure|Action|Fantasy,6955973.0
Animation|Comedy|Action|Adventure|Family,6928960.0
Thriller|Mystery|Crime,6828190.0
Action|Drama|History|Romance,6775121.0
Crime,6771211.6
Action|Comedy|Horror,6754794.0
Comedy|Fantasy|Animation|Drama|Family,6748712.0
Adventure|Family,6726000.0
Action|Animation|Family|Adventure|Science Fiction,6700000.0
Science Fiction|Crime|Action|Animation|Mystery,6629178.0
Fantasy|Drama|Horror|Thriller,6582065.0
Thriller|Horror|Drama,6562212.375
Drama|Mystery,6505916.777777778
Fantasy|Animation|Family|Adventure,6455530.0
Animation|Horror|Adventure|Comedy,6300000.0
Crime|Thriller|Mystery,6109625.166666667
Family|Adventure|Action|Comedy,6106166.5
Action|Science Fiction|Fantasy,6049962.0
Action|Animation|Fantasy|Drama,6032296.0
Action|Horror|Science Fiction,6006912.583333333
Horror|Drama|Thriller|Mystery,6004321.0
Western|Adventure|Action|Romance,6000000.0
Mystery|Drama|Thriller|Romance,6000000.0
Animation|Action|Drama,6000000.0
Family|Fantasy|Science Fiction,5935269.0
Animation|Science Fiction|Action|Adventure|Family,5849647.0
Action|Science Fiction|Thriller|Mystery,5805201.0
Drama|Music|Mystery|Romance,5738952.0
Thriller|Science Fiction|Drama,5735963.0
Mystery|Thriller|Crime|Comedy|Drama,5707415.0
Animation|Action|Family,5705822.0
Animation|Drama|Romance|Comedy,5659286.0
Action|Animation|Crime|Mystery,5617391.0
Action|Animation|Adventure,5584848.6
Drama|Thriller|Mystery|Horror,5582950.5
Drama|Horror|Crime|Thriller,5566776.0
Adventure|Fantasy|Animation|Action|Comedy|Science Fiction,5409517.0
Action|Animation|Science Fiction,5375215.363636363
Adventure|Horror|Thriller,5346269.0
Music|Comedy|Romance,5300000.0
Action|Adventure|Animation|Science Fiction|Family,5231128.0
Adventure|Fantasy|Animation|Action|Family|Romance,5228752.0
Documentary|Music,5220958.095238095
Comedy|Adventure|Science Fiction|Fantasy,5216102.0
Adventure|Comedy|War,5200000.0
Romance|Adventure|Action|History,5151023.0
Music|Romance|Drama,5118205.25
Action|Adventure|Crime|Drama|Thriller|Western,5048693.0
Thriller|Science Fiction|Action,5039113.0
Animation|Adventure|Fantasy|Mystery,4971635.0
Animation|Fantasy|Action|Romance|Comedy,4970358.5
History|Drama|Mystery|Thriller,4957273.0
Adventure|Action|Drama,4947757.0
Drama|Action|War,4944386.0
Adventure|Animation|Comedy|Family|Music,4710273.0
Adventure|Animation|Comedy,4675507.0
Crime|Thriller|Drama|Horror,4633668.0
Thriller|Horror|Science Fiction,4603323.2
History|Thriller|War,4600000.0
Thriller|Animation|Action|Crime,4571025.0
Comedy|Family|Fantasy|Music,4500000.0
Animation|Drama|Music|Romance,4426494.5
Comedy|Romance|Science Fiction|Drama,4424699.0
War|Action|History|Thriller,4412639.0
Drama|Crime|Mystery|Thriller,4309383.0
Thriller|Romance|Adventure,4230000.0
Comedy|Drama|Romance|Fantasy|Adventure,4210454.0
Animation|Action|Science Fiction,4205114.25
Adventure|Animation|Comedy|Family|Fantasy|Romance,4190750.0
Western|Drama,4164907.875
Drama|Mystery|Horror,4160851.0
Comedy|Animation|Adventure|Family,4153345.0
Thriller|Crime|Science Fiction|Mystery,4100000.0
Action|Comedy|Fantasy|Science Fiction,4064495.0
Horror|Drama|Mystery|Thriller|Fantasy,4045770.0
Western|Thriller,4000000.0
Adventure|Action|Romance,3981000.0
Adventure|Animation,3953834.75
Drama|Thriller|Romance|Science Fiction|Mystery,3945729.0
Family|Adventure|Comedy|Science Fiction|Crime,3900000.0
Action|Adventure|History,3887945.3333333335
Horror|Thriller|Fantasy,3855260.5
Fantasy|Animation|Drama|Science Fiction,3800000.0
Fantasy|Horror,3799219.4545454546
Comedy|Drama|Romance|Family,3783000.0
Romance|Drama|Adventure,3778601.0
Action|Animation|Crime|Drama,3775000.0
Horror|Crime|Thriller,3769214.0
Thriller|Romance,3758328.0
History|Drama|Romance,3739177.0
Adventure|Animation|Drama,3713768.0
Animation|Drama|Comedy,3694190.0
Drama|Romance|Thriller|Horror,3621046.0
Romance|War|Drama,3603484.0
Mystery|Drama|Crime|Thriller,3595200.5
Horror|Mystery|Fantasy,3533227.0
Comedy|Drama|Family|Music|Romance|TV Movie,3500000.0
Thriller|Action|Animation|Science Fiction,3469151.0
Animation|Romance|Adventure|Drama|Fantasy,3445000.0
Romance|Drama|Family,3438735.0
Drama|Fantasy|Horror|Thriller,3295624.0
Mystery|Drama|Thriller,3270730.0
Drama|Family|Fantasy,3214708.0
Thriller|Action|Drama|War,3200000.0
Comedy|Crime|Drama|Romance,3125224.0
Action|Thriller|Horror,3104455.6666666665
Horror|Thriller|Comedy,3039099.75
Comedy|Music|War,3020664.0
Adventure|Science Fiction|TV Movie,2966666.6666666665
Drama|Crime|Comedy,2862314.6666666665
War|Drama,2858607.285714286
Action|Thriller|Science Fiction|Horror,2856712.0
Drama|Crime|Documentary,2847319.0
Adventure|Animation|Family|Fantasy,2799630.3333333335
Drama|Mystery|Crime,2762461.0
Music|Comedy|Drama,2709013.75
Drama|History|Romance|Thriller,2652725.0
Drama|Action|Crime|Thriller|Mystery,2633527.0
Drama|Horror|Science Fiction,2622101.8333333335
Science Fiction|Action|Adventure|TV Movie,2600000.0
Action|Animation|Comedy,2532501.4285714286
Science Fiction|Adventure|Comedy|Fantasy,2500000.0
Comedy|Drama|Western,2500000.0
Action|Drama|Romance,2452500.0
Fantasy|Science Fiction|Family,2399280.0
Family|Action|Comedy,2397153.0
Fantasy|Drama|Thriller,2353459.5
Adventure|Documentary,2334228.0
Science Fiction|Drama|Romance|Fantasy,2331721.0
Horror|Drama|Thriller|Fantasy,2325977.0
Action|Animation|Fantasy,2143850.375
Action|Adventure|Horror|Science Fiction,2131057.0
Action|Adventure|Animation|Science Fiction,2033682.0
Crime|Romance|Thriller,2006704.0
Animation|Science Fiction,2004137.1818181819
Drama|Mystery|Thriller|Romance,2000000.0
Drama|Mystery|Fantasy,1999955.0
Fantasy|Action|Crime,1891907.0
Comedy|Horror|Drama|Thriller,1882074.0
Action|Comedy|Animation,1880000.0
Action|Crime|Mystery,1859691.5
Family|Adventure|Animation,1841312.5
Action|Adventure|Fantasy|Horror,1825137.5
Mystery|Drama|Horror|History,1824902.0
Animation|Action|Adventure|History|Drama|Fantasy,1803949.5
Thriller|War|Drama,1803009.0
Comedy|Science Fiction|Fantasy,1794187.0
Drama|Crime|Thriller|Mystery,1787926.0
Mystery|Crime|Thriller,1772000.0
Music|Comedy|Romance|Drama,1697294.0
Comedy|Animation|Action,1656516.0
Drama|Thriller|Romance,1607373.5
Thriller|Horror|Comedy,1534604.5
Thriller|Horror|Fantasy,1506105.0
Fantasy|Animation|Action|Science Fiction,1488577.0
Fantasy|Horror|Action|Science Fiction,1395610.0
Adventure|Horror|Science Fiction,1300000.0
Crime|Romance,1293976.0
Drama|Fantasy|Science Fiction,1266664.3333333333
Horror|Action|Thriller|Fantasy,1214525.0
Action|Drama|Horror|Mystery|Thriller,1179002.0
Science Fiction|Animation|Action,1166666.6666666667
Drama|Horror|Thriller|Mystery,1096737.0
Comedy|Action|Adventure|Fantasy,1070714.0
Music,1061850.4444444445
Action|Drama|Fantasy|History|Adventure,1053002.0
Mystery|Science Fiction|Horror|Thriller,1023510.0
Science Fiction|Drama|Thriller|Horror,1019041.0
Action|Thriller|Science Fiction|War,1000000.0
Action|Adventure|Comedy|Drama|War,1000000.0
Crime|Drama|Action|Thriller|Science Fiction,967000.0
Documentary|Thriller,946634.0
Animation|Drama|Mystery|Science Fiction|Thriller|Fantasy,944915.0
Animation|Drama|Fantasy|Family,921974.0
Family|Fantasy|Drama,889816.0
Drama|Fantasy|Science Fiction|Thriller,885188.0
Adventure|Action|Science Fiction|Thriller,875386.0
Western|Action|Drama,872447.3333333334
Family|Adventure|Comedy|Fantasy,822030.0
Science Fiction|Action|Comedy|Horror,800000.0
Action|Crime|Horror|Thriller,780000.0
Comedy|Romance|Fantasy|Science Fiction,754935.0
Horror|Science Fiction|Drama|Thriller,700000.0
Thriller|Horror|Crime,678604.0
Action|Horror|Thriller|Comedy,658573.0
Adventure|Science Fiction|Animation|Fantasy|Horror,641308.0
Romance,633209.2424242424
Science Fiction|Action|Animation,559650.0
Romance|Horror|Thriller,515596.0
Action|Science Fiction|Adventure|Horror,496090.5
Animation|Comedy|Family|Fantasy|Music,485232.0
Documentary,476251.0412371134
War|History|Drama,470382.0
Romance|Thriller|Action,467282.0
Action|Horror|Comedy,431020.0
Animation|Action,429610.4166666667
Science Fiction|Horror|Mystery,427399.0
Horror|Thriller|Science Fiction|Mystery,424445.0
Romance|Drama|War,413844.0
Fantasy|Animation|Science Fiction,412690.6666666667
Action|Comedy|Fantasy|Science Fiction|Adventure,400900.0
Animation,400746.26086956525
Mystery|Thriller|Drama|Horror,397783.0
Drama|Adventure|Comedy|Romance,396003.0
Action|Drama|Horror|Mystery|History,382879.0
Comedy|Science Fiction|Drama|Mystery|Thriller,374743.0
Animation|Comedy|Adventure,369971.5
Drama|Music|Horror|Thriller,365353.0
Animation|Comedy|Fantasy,364408.6
Family|Animation|Music,360736.0
Music|Horror|Fantasy,359377.0
History|Documentary,326810.5
Adventure|Western,319320.5
Romance|History,242115.0
Thriller|Drama|Music,237708.0
Family|War|History,231719.0
Fantasy|Romance|Horror,228894.0
Drama|Action|Comedy|Thriller|Crime,199436.0
Horror|Romance,197500.0
Animation|Science Fiction|Action,185266.625
Horror|Thriller|War|Fantasy,178592.0
Drama|Thriller|Adventure,176669.0
Comedy|Horror|Action,165623.0
Animation|Romance|Drama,165444.66666666666
Action|Horror|Mystery|Thriller,163169.0
Drama|Action|Comedy|Crime,160676.5
Science Fiction|Action|Crime|Thriller|Drama,157209.0
Horror|Comedy|Thriller,156190.0
Drama|Science Fiction|Animation,151938.33333333334
Animation|Fantasy|Horror|Action,151086.0
Mystery|Horror|Science Fiction,151042.0
Horror|Drama|Comedy,150277.0
Family|Animation|Fantasy,142920.33333333334
Drama|Family|TV Movie,127345.0
Horror|Thriller|Drama|Mystery,124048.0
Crime|Horror|Thriller,117725.25
Drama|Comedy|History,116319.0
Comedy|War|Adventure|Drama,103971.0
Animation|Action|Fantasy,98690.66666666667
Mystery|Horror|Fantasy,91549.0
Romance|Comedy|Horror,88273.0
Action|Horror|Western,83722.5
Animation|Music|Family,74280.0
Thriller|History,73586.0
Animation|Drama|Romance,72964.42857142857
Drama|Science Fiction|Romance,69434.0
Crime|Drama|Horror,68716.0
Adventure|Animation|Comedy|Family|Science Fiction,58436.5
Drama|Thriller|Adventure|Horror,56385.0
Crime|Thriller|Western|Action,53647.0
Thriller|Drama|Crime|Mystery,51768.0
Science Fiction|Animation,50601.5
Fantasy|Thriller|Drama,45431.0
Horror|Comedy|Crime|Thriller,43840.0
Adventure|Science Fiction|Family,39296.0
Science Fiction|Comedy|Horror,35479.0
Comedy|Action|Romance|Crime,34694.0
War|Drama|Romance,32067.25
Adventure|Drama|Action|Fantasy,30638.0
Horror|Action|Comedy,26210.0
Fantasy|Thriller|Horror|Science Fiction,23665.0
War|Drama|Horror,22017.0
Horror|Thriller|Drama,20989.25
Crime|Drama|Thriller|Mystery,11666.666666666666
Drama|Horror|Romance,9200.0
Drama|Horror|Thriller|Crime,8811.0
Drama|Horror|Romance|Thriller,7362.0
Adventure|Comedy|Action|Romance,6075.0
Action|Western,5759.0
Action|Science Fiction|Horror|TV Movie,5303.0
Thriller|Science Fiction|Mystery|Horror,4973.0
Drama|Mystery|Romance,3062.6666666666665
Family,519.9
Animation|Fantasy,0.0
Animation|Fantasy|Action|Drama|Comedy,0.0
Animation|Fantasy|Adventure|Action|Family,0.0
Animation|Family|Fantasy|Comedy|Music|Adventure,0.0
Animation|Family|Fantasy|Music|TV Movie|Science Fiction,0.0
Animation|Family|Fantasy|Romance,0.0
Animation|Family|Fantasy|Science Fiction,0.0
Animation|Family|Mystery|Comedy,0.0
Animation|Family|Mystery|Comedy|Western,0.0
Animation|Family|Romance,0.0
Drama|War|Comedy|History,0.0
Drama|War|Mystery,0.0
Drama|War|TV Movie,0.0
Drama|War|Thriller,0.0
Family|Action,0.0
Family|Action|Adventure|Comedy|TV Movie,0.0
Family|Action|Adventure|Crime|Mystery|Thriller|Comedy,0.0
Drama|Thriller|TV Movie,0.0
Drama|Thriller|TV Movie|War,0.0
Drama|Thriller|Western,0.0
Drama|War|Action|Adventure,0.0
Animation|Family|Action|Science Fiction,0.0
Animation|Family|Adventure|Action,0.0
Animation|Family|Adventure|Action|Comedy,0.0
Animation|Family|Adventure|Action|Comedy|Drama,0.0
Animation|Family|Adventure|Comedy|Music,0.0
Animation|Family|Adventure|Drama|Fantasy,0.0
Animation|Family|Comedy|Adventure|TV Movie,0.0
Animation|Family|Comedy|Music|Fantasy,0.0
Family|Adventure|Animation|Fantasy|Action|Science Fiction,0.0
Family|Adventure|Animation|Fantasy|Science Fiction,0.0
Family|Adventure|Animation|Romance,0.0
Family|Adventure|Comedy,0.0
Family|Adventure|Comedy|Drama,0.0
Family|Adventure|Comedy|Music|Fantasy|TV Movie,0.0
Family|Action|Drama|Romance|TV Movie,0.0
Family|Adventure|Animation|Action|Fantasy,0.0
Family|Adventure|Animation|Comedy|Fantasy|Mystery,0.0
Family|Adventure|Animation|Comedy|Mystery,0.0
Animation|Fantasy|Adventure|Comedy,0.0
Animation|Fantasy|Adventure|Drama,0.0
Animation|Fantasy|Adventure|Mystery,0.0
Animation|Fantasy|Comedy|Science Fiction|Adventure,0.0
Animation|Fantasy|Drama|Science Fiction,0.0
Animation|Fantasy|Family|Action|Adventure|Science Fiction|TV Movie,0.0
Animation|Fantasy|Family|Adventure|Comedy|TV Movie,0.0
Family|Action|Adventure|TV Movie,0.0
Animation|Drama|History,0.0
Animation|Drama|History|Horror,0.0
Animation|Drama|Mystery|Science Fiction,0.0
Animation|Comedy|Science Fiction|TV Movie,0.0
Animation|Comedy|TV Movie,0.0
Animation|Crime|Action|Thriller,0.0
Animation|Crime|Thriller,0.0
Animation|Drama|Action,0.0
Animation|Drama|Adventure|Family,0.0
Animation|Drama|Adventure|Fantasy,0.0
Family|Animation|Adventure|Comedy|TV Movie,0.0
Family|Animation|Comedy|Action|Adventure,0.0
Family|Animation|Comedy|Fantasy|Music|Mystery,0.0
Family|Animation|Comedy|Mystery,0.0
Family|Animation|Comedy|Mystery|Adventure,0.0
Family|Animation|Comedy|Science Fiction|TV Movie,0.0
Family|Animation|Comedy|TV Movie,0.0
Animation|Family|Comedy|Mystery|Science Fiction|Adventure|Fantasy,0.0
Animation|Family|Comedy|Science Fiction,0.0
Animation|Family|Comedy|Science Fiction|Adventure,0.0
Family|Adventure|Fantasy|Romance|Drama,0.0
Family|Adventure|Romance,0.0
Family|Animation|Action|Adventure,0.0
Family|Animation|Action|Comedy|Science Fiction|TV Movie|Adventure,0.0
Family|Animation|Action|Science Fiction,0.0
Family|Comedy|Drama|Music|TV Movie,0.0
Family|Comedy|Drama|TV Movie,0.0
Family|Comedy|Fantasy|Animation,0.0
Family|Comedy|Fantasy|TV Movie,0.0
Family|Comedy|Music|TV Movie,0.0
Family|Comedy|Mystery|Animation,0.0
Family|Comedy|Science Fiction|TV Movie,0.0
Family|Comedy|TV Movie,0.0
Family|Animation|Science Fiction|Comedy,0.0
Family|Animation|Science Fiction|Comedy|TV Movie,0.0
Family|Animation|TV Movie,0.0
Family|Comedy|Adventure|Crime,0.0
Family|Comedy|Animation|Adventure|Mystery,0.0
Family|Comedy|Animation|Adventure|Science Fiction|TV Movie,0.0
Family|Animation|Fantasy|Comedy|Action,0.0
Family|Animation|Music|Adventure,0.0
Family|Animation|Mystery|Adventure|Comedy|Fantasy|Music,0.0
Family|Animation|Mystery|Comedy,0.0
Family|Animation|Romance|Adventure,0.0
Family|Animation|Romance|Fantasy,0.0
Family|Animation|Science Fiction,0.0
Animation|Drama|Romance|Fantasy,0.0
Animation|Drama|Romance|Science Fiction|Fantasy|Action,0.0
Animation|Drama|Thriller|Fantasy,0.0
Animation|Family|Action,0.0
Animation|Family|Action|Adventure|Drama|Fantasy,0.0
Animation|Family|Action|Comedy,0.0
Animation|Comedy|Fantasy|Science Fiction,0.0
Animation|Comedy|Music|Family,0.0
Animation|Comedy|Mystery|Family|Fantasy,0.0
Animation|Comedy|Romance|Drama|Fantasy,0.0
Animation|Comedy|Science Fiction,0.0
Family|Fantasy|Comedy|TV Movie,0.0
Family|Fantasy|Horror,0.0
Animation|Comedy|Family|Mystery|TV Movie,0.0
Animation|Comedy|Family|Romance,0.0
Animation|Comedy|Family|Science Fiction|Adventure|TV Movie,0.0
Animation|Comedy|Family|TV Movie|Music|Adventure|Science Fiction,0.0
Animation|Comedy|Fantasy|Music,0.0
Animation|Comedy|Fantasy|Romance,0.0
Animation|Comedy|Fantasy|Romance|Science Fiction,0.0
Animation|Comedy|Drama|Mystery|Fantasy,0.0
Animation|Comedy|Family|Action,0.0
Animation|Comedy|Family|Mystery,0.0
Animation|Comedy|Family|Mystery|Adventure|Fantasy,0.0
Animation|Comedy|Family|Mystery|Adventure|Horror,0.0
Animation|Comedy|Family|Mystery|Fantasy,0.0
Family|Drama|Adventure,0.0
Family|Fantasy,0.0
Family|Fantasy|Adventure|Animation|Comedy,0.0
Family|Fantasy|Adventure|Comedy,0.0
Family|Fantasy|Adventure|Comedy|Horror,0.0
Family|Fantasy|Animation,0.0
Family|Fantasy|Animation|Comedy,0.0
Family|Fantasy|Animation|Comedy|Adventure,0.0
Family|TV Movie|Animation,0.0
Family|TV Movie|Comedy,0.0
Family|TV Movie|Comedy|Action|Adventure,0.0
Family|TV Movie|Comedy|Drama,0.0
Family|TV Movie|Comedy|Romance,0.0
Family|TV Movie|Comedy|Science Fiction|Adventure,0.0
Family|TV Movie|Drama|Fantasy,0.0
Family|TV Movie|Fantasy|Romance,0.0
Family|Mystery|Animation|Comedy|Action|Fantasy,0.0
Family|Mystery|Comedy|Fantasy,0.0
Family|Romance,0.0
Family|Romance|Comedy,0.0
Family|Romance|Drama,0.0
Family|Science Fiction|TV Movie,0.0
Family|TV Movie,0.0
Family|TV Movie|Adventure|Comedy|Drama|Fantasy,0.0
Family|History|Music,0.0
Family|Music,0.0
Family|Music|Adventure|Comedy|Fantasy|TV Movie,0.0
Family|Music|Adventure|Fantasy|Comedy,0.0
Family|Music|Comedy|Drama|TV Movie|Romance,0.0
Family|Music|TV Movie,0.0
Family|Music|TV Movie|Comedy,0.0
Family|Mystery|Animation|Comedy,0.0
Family|Fantasy|Horror|TV Movie,0.0
Family|Fantasy|Music,0.0
Family|Fantasy|Music|Animation,0.0
Family|Fantasy|TV Movie,0.0
Family|Fantasy|TV Movie|Music|Adventure|Action|Romance,0.0
Animation|Comedy|Action|Family,0.0
Animation|Comedy|Adventure|Fantasy|Family,0.0
Animation|Comedy|Drama,0.0
Animation|Comedy|Drama|Fantasy|Romance,0.0
Fantasy|Adventure|Animation,0.0
Fantasy|Adventure|Animation|Comedy|Family|Music,0.0
Animation|Adventure|Fantasy|Family,0.0
Animation|Adventure|Fantasy|Science Fiction|Family,0.0
Animation|Adventure|Fantasy|TV Movie|Comedy,0.0
Animation|Adventure|Mystery,0.0
Animation|Adventure|Thriller,0.0
Animation|Adventure|Comedy|Fantasy|Action|Family,0.0
Animation|Adventure|Crime|Family|Comedy,0.0
Animation|Adventure|Drama|Fantasy,0.0
Animation|Adventure|Drama|Fantasy|Science Fiction,0.0
Animation|Adventure|Family|History|War,0.0
Family|TV Movie|Music|Adventure|Fantasy,0.0
Fantasy,0.0
Fantasy|Action|Adventure|Comedy,0.0
Fantasy|Action|Drama|Thriller,0.0
Fantasy|Action|Thriller|Crime|Science Fiction|Mystery,0.0
Animation|Action|Fantasy|Science Fiction,0.0
Animation|Action|Science Fiction|Adventure|Fantasy,0.0
Animation|Action|Science Fiction|Drama|Fantasy,0.0
Animation|Action|Science Fiction|Fantasy,0.0
Animation|Action|Thriller,0.0
Animation|Action|Thriller|Science Fiction,0.0
Animation|Action|War|Fantasy,0.0
Animation|Action|Drama|Science Fiction,0.0
Animation|Action|Family|Science Fiction|TV Movie,0.0
Animation|Action|Fantasy|Comedy,0.0
Animation|Action|Fantasy|Drama|Comedy,0.0
Fantasy|Animation|Action|Comedy|Family,0.0
Fantasy|Animation|Comedy|Family,0.0
Fantasy|Animation|Comedy|Family|Adventure,0.0
Fantasy|Animation|Comedy|Family|Mystery|Adventure,0.0
Fantasy|Animation|Drama,0.0
Fantasy|Animation|Drama|Comedy|Science Fiction|Family,0.0
Fantasy|Adventure|Animation|Drama|Science Fiction,0.0
Fantasy|Adventure|Comedy|TV Movie,0.0
Fantasy|Adventure|Family|Drama|Science Fiction|Romance,0.0
Fantasy|Adventure|Mystery|Animation,0.0
Fantasy|Animation,0.0
Fantasy|Animation|Action,0.0
Animation|Action|Adventure|Comedy|Drama|Fantasy|Romance,0.0
Animation|Action|Adventure|Comedy|Family|Fantasy|Science Fiction,0.0
Animation|Action|Adventure|Crime|Fantasy,0.0
Animation|Action|Adventure|Family|Comedy,0.0
Animation|Action|Adventure|Family|Fantasy|Romance,0.0
Animation|Action|Adventure|Fantasy|Comedy,0.0
Animation|Action|Adventure|Fantasy|Horror,0.0
Animation|Action|Adventure|Fantasy|Science Fiction,0.0
Fantasy|Drama|Romance|Adventure|Comedy,0.0
Fantasy|Drama|Science Fiction|Family,0.0
Adventure|Western|History,0.0
Fantasy|Animation|Horror|Action|Thriller|Science Fiction|Family|Mystery,0.0
Fantasy|Animation|Science Fiction|Family|Action,0.0
Fantasy|Comedy|Family|Adventure,0.0
Fantasy|Drama|Horror|Action|Thriller|Mystery,0.0
Animation|Adventure,0.0
Animation|Adventure|Action|Comedy,0.0
Animation|Adventure|Comedy|Family|Science Fiction|Action,0.0
Fantasy|Animation|Horror|Action,0.0
Fantasy|Science Fiction|Comedy,0.0
Adventure|Fantasy|Science Fiction,0.0
Adventure|Fantasy|Science Fiction|Action,0.0
Adventure|Fantasy|Science Fiction|Family|Action,0.0
Adventure|Fantasy|TV Movie,0.0
Adventure|History,0.0
Adventure|Horror|Action,0.0
Fantasy|Horror|Drama|Thriller,0.0
Fantasy|Horror|Family,0.0
Fantasy|Horror|Mystery|Thriller,0.0
Fantasy|Horror|Thriller|Drama,0.0
Fantasy|Mystery|Thriller|Drama,0.0
Fantasy|Romance|Comedy,0.0
Animation|Comedy|Family|Fantasy|Science Fiction,0.0
Animation|Action|Crime|Mystery,0.0
Animation|Action|Crime|Mystery|Romance|Thriller,0.0
Fantasy|Family,0.0
Fantasy|Family|Romance,0.0
Fantasy|Family|TV Movie,0.0
Western|Action|Fantasy|Horror,0.0
Crime|Action|Adventure|Comedy,0.0
Fantasy|Horror|Drama,0.0
War|Drama|Thriller,0.0
Animation|Action|Adventure|Mystery,0.0
Animation|Action|Adventure|Romance,0.0
Animation|Action|Adventure|Science Fiction,0.0
War|Drama|Thriller|Action,0.0
Animation|Action|Comedy|Fantasy,0.0
Animation|Action|Comedy|Mystery|Crime|Fantasy,0.0
Animation|Action|Crime,0.0
War|History|Horror|Drama,0.0
Action|Adventure|Animation|War|Science Fiction,0.0
Horror|Action|Animation,0.0
Action|Adventure|Comedy|Drama,0.0
Horror|Action|Science Fiction|TV Movie,0.0
Horror|Action|Science Fiction|Thriller,0.0
Action|Adventure|Comedy|Drama|Fantasy,0.0
Horror|Action|Thriller|Mystery,0.0
History|Action|Drama|War,0.0
Action|Adventure|Comedy|Fantasy|Animation,0.0
Action|Adventure|Comedy|Fantasy|Romance|Animation,0.0
Action|Adventure|Animation|Drama,0.0
History|Drama|TV Movie,0.0
History|Drama|Thriller|Crime,0.0
History|Fantasy|Drama,0.0
History|Horror,0.0
Adventure|TV Movie,0.0
Adventure|Thriller,0.0
Action|Adventure|Animation|Family|Science Fiction,0.0
Fantasy|Science Fiction|Thriller,0.0
Action|Adventure|Animation|Fantasy,0.0
Action|Adventure|Animation|Fantasy|Science Fiction,0.0
History,0.0
History|Action|Drama,0.0
Adventure|Horror|Action|Science Fiction,0.0
Action|Adventure|Animation|Horror,0.0
Action|Adventure|Animation|Science Fiction|Drama,0.0
Crime|Mystery|TV Movie,0.0
Crime|Romance|Drama,0.0
Crime|Thriller|Action|Drama,0.0
Crime|Drama|Mystery|TV Movie,0.0
Crime|Drama|Thriller|TV Movie,0.0
Adventure|Fantasy|Comedy|Science Fiction|Family,0.0
Adventure|Fantasy|Drama|Action,0.0
Adventure|Fantasy|Drama|Science Fiction|Family,0.0
Crime|Family|Comedy|Mystery,0.0
Horror|Crime|Drama|History,0.0
Horror|Crime|Drama|Thriller,0.0
Crime|History|Drama,0.0
Horror|Documentary,0.0
Adventure|Fantasy|Action|Drama,0.0
Crime|Horror,0.0
Crime|Documentary,0.0
Crime|Documentary|History,0.0
Crime|Drama|Action|Science Fiction,0.0
Crime|Drama|Fantasy|Horror|Thriller,0.0
Adventure|Fantasy|Animation|Action|Science Fiction|Family,0.0
Adventure|Fantasy|Animation|Action|Thriller|Science Fiction|Family|TV Movie,0.0
Horror|Comedy|Action,0.0
Crime|Drama|History|Thriller|TV Movie,0.0
Horror|Comedy|Drama,0.0
Horror|Comedy|Mystery,0.0
Horror|Comedy|Science Fiction|Thriller|TV Movie|Action,0.0
Crime|Action|Horror|Thriller,0.0
Crime|Action|Mystery|Thriller,0.0
Adventure|Family|TV Movie,0.0
Crime|Action|Thriller|Mystery,0.0
Horror|Action|War,0.0
Horror|Adventure,0.0
Horror|Adventure|Fantasy,0.0
Horror|Animation,0.0
Horror|Animation|Comedy,0.0
Horror|Animation|Drama,0.0
Crime|Adventure|Thriller,0.0
Adventure|Family|Drama|Comedy,0.0
Adventure|Family|Fantasy|Science Fiction,0.0
Adventure|Family|Fantasy|Science Fiction|TV Movie,0.0
Adventure|Family|Fantasy|TV Movie,0.0
Adventure|Family|Fantasy|TV Movie|Horror,0.0
Horror|Fantasy|Thriller|Drama,0.0
Horror|History|Drama|Thriller,0.0
Horror|History|Fantasy,0.0
Horror|Fantasy|Romance,0.0
Adventure|Drama|Family|Romance,0.0
Adventure|Drama|Fantasy|Family,0.0
Crime|Animation|Action|Mystery|Drama,0.0
Adventure|Drama|Thriller|Action|TV Movie,0.0
Adventure|Drama|Western|Family,0.0
Crime|Comedy|Drama,0.0
Adventure|Family|Action|Fantasy,0.0
Crime|Comedy|Science Fiction,0.0
Horror|Fantasy|Action|Science Fiction,0.0
Horror|Fantasy|Animation|Family,0.0
Horror|Fantasy|Comedy,0.0
Horror|Fantasy|Drama,0.0
Horror|Fantasy|Drama|Mystery,0.0
Horror|Fantasy|Mystery,0.0
Horror|Fantasy|Mystery|Thriller,0.0
Comedy|TV Movie,0.0
Horror|Drama|Adventure,0.0
Comedy|Thriller,0.0
Horror|Drama|Fantasy|Mystery,0.0
Horror|Drama|Mystery|Science Fiction,0.0
Comedy|Thriller|Horror,0.0
Horror|Drama|Romance,0.0
Comedy|Thriller|Mystery,0.0
Adventure|Crime|Drama|Thriller,0.0
Comedy|Romance|Horror,0.0
Adventure|Drama|Action|Comedy,0.0
Comedy|Romance|Music,0.0
Adventure|Drama|Action|History|Thriller,0.0
Adventure|Drama|Action|Thriller|Romance,0.0
Adventure|Drama|Action|Thriller|War,0.0
Comedy|Romance|TV Movie,0.0
Comedy|Romance|TV Movie|Fantasy|Music,0.0
Comedy|Romance|Thriller,0.0
Horror|Science Fiction|TV Movie,0.0
Adventure|Comedy|Family|Fantasy|TV Movie|Horror,0.0
Adventure|Comedy|Family|Science Fiction|Action,0.0
Adventure|Comedy|Family|TV Movie,0.0
Adventure|Comedy|Fantasy|Mystery,0.0
Comedy|Science Fiction|Adventure,0.0
Horror|Romance|Thriller,0.0
Comedy|Science Fiction|Animation,0.0
Horror|Science Fiction|Action,0.0
Horror|Science Fiction|Action|Fantasy,0.0
Horror|Science Fiction|Action|Thriller,0.0
Horror|Science Fiction|Comedy,0.0
Horror|Science Fiction|Comedy|TV Movie,0.0
Horror|Science Fiction|Drama,0.0
Horror|Mystery|Crime|Thriller,0.0
Horror|Mystery|Drama|Thriller,0.0
Horror|Mystery|Family,0.0
Documentary|Action|Adventure|Fantasy|Horror,0.0
Documentary|Action|Adventure|Thriller,0.0
Horror|Mystery|Thriller|Music,0.0
Horror|Mystery|Thriller|Science Fiction,0.0
Documentary|Action|Crime,0.0
Adventure|Animation|Fantasy|TV Movie|Comedy,0.0
Adventure|Animation|Fantasy|TV Movie|Comedy|Mystery,0.0
Adventure|Animation|Music|Fantasy|Comedy,0.0
Documentary|Action|Science Fiction,0.0
Adventure|Comedy|Animation|Fantasy,0.0
Adventure|Comedy|Animation|TV Movie,0.0
Adventure|Comedy|Family|Fantasy|TV Movie,0.0
Music|Comedy|Animation,0.0
Documentary|Animation,0.0
Music|Action|Adventure|Comedy|Family,0.0
Music|Adventure|Family|Fantasy,0.0
Music|Animation,0.0
Comedy|Romance|Fantasy,0.0
Adventure|Animation|Family|Comedy|Mystery|Science Fiction,0.0
Crime|Thriller|Drama|Action,0.0
Crime|Thriller|Mystery|Drama,0.0
Crime|Thriller|TV Movie,0.0
Comedy|Horror|Action|Crime,0.0
Comedy|Horror|Romance,0.0
Horror|Thriller|Romance,0.0
Comedy|Horror|Science Fiction|Thriller,0.0
Horror|Thriller|TV Movie,0.0
Comedy|Music|Romance|Fantasy,0.0
Horror|Western|Comedy|History,0.0
Horror|Science Fiction|Thriller|Action,0.0
Horror|TV Movie,0.0
Horror|TV Movie|Comedy|Music|Thriller|Science Fiction,0.0
Horror|Thriller|Action,0.0
Horror|Thriller|Action|Drama,0.0
Horror|Thriller|Adventure|Mystery,0.0
Comedy|Music|Romance|Science Fiction,0.0
Horror|Thriller|Comedy|Action,0.0
Drama|Action|Romance,0.0
Drama|Action|Science Fiction,0.0
Adventure|Animation|Action|Science Fiction,0.0
Comedy|Fantasy|Thriller,0.0
Documentary|Mystery|Crime,0.0
Adventure|Animation|Comedy|Family|Fantasy|TV Movie,0.0
Documentary|Science Fiction,0.0
Documentary|TV Movie,0.0
Music|TV Movie|Fantasy,0.0
Mystery|Action|Animation,0.0
Documentary|War,0.0
Adventure|Action|Horror|Thriller,0.0
Drama|Action|Adventure|Thriller|Mystery|Fantasy,0.0
Drama|Action|Comedy,0.0
Documentary|Animation|History,0.0
Adventure|Animation|Action,0.0
Music|Family|Fantasy|TV Movie|Comedy,0.0
Music|Family|TV Movie|Romance,0.0
Documentary|Comedy,0.0
Documentary|Crime,0.0
Music|Romance,0.0
Documentary|Crime|Drama,0.0
Music|Romance|TV Movie,0.0
Music|TV Movie,0.0
Documentary|Crime|History|Mystery,0.0
Music|Comedy|Fantasy,0.0
Documentary|Drama,0.0
Documentary|Drama|History,0.0
Music|Drama|Documentary|Crime,0.0
Music|Drama|Family|Romance,0.0
Music|Family,0.0
Music|Family|Animation|Comedy,0.0
Mystery|Fantasy|Comedy|Adventure,0.0
Documentary|History,0.0
Comedy|Drama|Family|TV Movie,0.0
Action|Thriller|TV Movie,0.0
Action|War|Drama,0.0
Comedy|Drama|Horror|Thriller,0.0
Drama|Adventure|Action,0.0
Adventure|Action|Animation|Science Fiction,0.0
Drama|Adventure|Mystery,0.0
Mystery|Drama|History|Family|Thriller,0.0
Mystery|Drama|Horror|Adventure|Animation,0.0
Drama|Adventure|Romance,0.0
Mystery|Drama|Romance|Thriller,0.0
Drama|Adventure|Romance|TV Movie,0.0
Drama|Animation,0.0
Mystery|Family|Animation|Adventure|Comedy,0.0
Mystery|Animation|Comedy|Fantasy,0.0
Mystery|Animation|Family|Adventure|Comedy|Fantasy,0.0
Mystery|Animation|Family|Comedy,0.0
Drama|Animation|Family|Comedy,0.0
Mystery|Crime|Adventure,0.0
Drama|Animation|Romance|Comedy,0.0
Mystery|Crime|Thriller|Romance,0.0
Mystery|Drama|Action|Crime,0.0
Adventure|Animation|Comedy|Family|TV Movie,0.0
Adventure|Animation|Comedy|Fantasy|Family,0.0
Adventure|Animation|Comedy|Fantasy|Mystery,0.0
Comedy|Family|Science Fiction|TV Movie,0.0
Adventure|Animation|Drama|History,0.0
Adventure|Animation|Family|Action,0.0
Adventure|Animation|Family|Comedy,0.0
Mystery|Animation,0.0
Action|Science Fiction|Mystery,0.0
Action|Science Fiction|TV Movie,0.0
Comedy|Family|TV Movie,0.0
Action|Science Fiction|War,0.0
Action|TV Movie|Science Fiction|Comedy|Adventure,0.0
Action|Thriller|Comedy,0.0
Comedy|Family|TV Movie|Romance,0.0
Action|Thriller|Crime|Fantasy|Mystery,0.0
Romance|Action|Adventure|Crime|Mystery,0.0
Comedy|Fantasy|Romance|Music|TV Movie,0.0
Romance|Adventure|Drama|Family|History,0.0
Romance|Animation,0.0
Romance|Animation|Comedy,0.0
Action|Science Fiction|Fantasy|Horror,0.0
Action|Science Fiction|Horror|Mystery,0.0
Drama|Action|Science Fiction|Thriller,0.0
Mystery|TV Movie|Crime|Drama,0.0
Mystery|TV Movie|Drama|Crime|Mystery,0.0
Comedy|Music|TV Movie,0.0
Comedy|Mystery|Horror,0.0
Mystery|Thriller|Horror|Science Fiction,0.0
Mystery|Thriller|Romance,0.0
Mystery|Western|Thriller,0.0
Action|Adventure|Animation|Comedy|TV Movie,0.0
Adventure|Action|Crime,0.0
Comedy|Romance|Adventure,0.0
Mystery|Horror|Comedy,0.0
Comedy|Family|Animation|Adventure|Mystery,0.0
Comedy|Family|Drama|Fantasy,0.0
Comedy|Crime|Drama|Thriller,0.0
Comedy|Crime|Horror|Fantasy,0.0
Comedy|Crime|Mystery|TV Movie,0.0
Action|Horror|Science Fiction|Animation,0.0
Action|Horror|Science Fiction|Fantasy,0.0
Action|Horror|TV Movie,0.0
Comedy|Crime|TV Movie,0.0
Action|Horror|Thriller|Fantasy,0.0
Action|Horror|Thriller|Science Fiction,0.0
Comedy|Crime|Thriller|Drama,0.0
Action|Mystery|Science Fiction|Horror,0.0
Romance|Drama|Crime,0.0
Comedy|Documentary,0.0
Romance|Drama|Music|TV Movie,0.0
Romance|Drama|TV Movie,0.0
Romance|Drama|Thriller,0.0
Comedy|Drama|Animation,0.0
Drama|Crime|TV Movie,0.0
Drama|Documentary,0.0
Drama|Family|Comedy,0.0
Romance|Comedy|Music,0.0
Romance|Comedy|Music|Drama,0.0
Romance|Comedy|TV Movie,0.0
Romance|Comedy|TV Movie|Music,0.0
Drama|Family|Fantasy|TV Movie,0.0
Romance|Drama|Action,0.0
Comedy|Animation|Family|Fantasy,0.0
Comedy|Animation|Fantasy|TV Movie,0.0
Drama|Comedy|Thriller|Crime,0.0
Action|Thriller|Fantasy|Crime,0.0
Drama|Crime|Action,0.0
Romance|Comedy|Drama|TV Movie,0.0
Romance|Comedy|Family|Action|Adventure,0.0
Romance|Comedy|Family|TV Movie,0.0
Romance|Comedy|Fantasy,0.0
Action|Family|Science Fiction,0.0
Action|Fantasy|Adventure|Comedy,0.0
Action|Fantasy|Animation,0.0
Action|Fantasy|Animation|Adventure,0.0
Action|Fantasy|Family|Comedy,0.0
Action|History,0.0
Action|History|Adventure,0.0
Drama|Crime|History|TV Movie,0.0
Romance|Science Fiction,0.0
Romance|TV Movie,0.0
Romance|TV Movie|Comedy,0.0
Romance|TV Movie|Drama,0.0
Drama|Crime|Romance,0.0
Comedy|Drama|TV Movie,0.0
Comedy|Family|Adventure|Crime,0.0
Drama|Comedy|History|Romance,0.0
Romance|Family|Drama,0.0
Romance|Family|TV Movie,0.0
Romance|Fantasy,0.0
Romance|Fantasy|Horror,0.0
Drama|Comedy|Science Fiction|Romance,0.0
Romance|History|Drama,0.0
Drama|Comedy|TV Movie,0.0
Romance|Music,0.0
Action|Mystery|Thriller|Science Fiction,0.0
Action|Romance|Crime,0.0
Comedy|Animation,0.0
Action|Science Fiction|Animation|Adventure,0.0
Action|Science Fiction|Drama|Horror,0.0
Comedy|Animation|Action|Adventure,0.0
Romance|Drama|Western,0.0
Romance|Family,0.0
Comedy|Animation|Adventure,0.0
Comedy|Animation|Adventure|Drama,0.0
Action|Drama|Horror|Science Fiction,0.0
Action|Drama|Horror|Thriller,0.0
Comedy|Animation|Adventure|TV Movie,0.0
Action|Drama|Science Fiction|Animation,0.0
Action|Drama|Thriller|Horror,0.0
Action|Drama|Thriller|Mystery,0.0
Comedy|Animation|Drama|Romance,0.0
Science Fiction|Action|Crime|Animation,0.0
Comedy|Action|Science Fiction|Thriller,0.0
Science Fiction|Action|Drama,0.0
Science Fiction|Action|Drama|Thriller|TV Movie,0.0
Science Fiction|Action|Thriller|Drama,0.0
Science Fiction|Adventure|Action|Comedy,0.0
Comedy|Action|Thriller,0.0
Science Fiction|Action|Adventure|Comedy|TV Movie,0.0
Science Fiction|Action|Adventure|Family,0.0
Comedy|Adventure|Drama|Family,0.0
Comedy|Adventure|Family|Animation,0.0
Science Fiction|Action|Animation|Adventure,0.0
Science Fiction|Action|Animation|Fantasy,0.0
Science Fiction|Action|Animation|Fantasy|Thriller,0.0
Science Fiction|Action|Animation|Mystery,0.0
Comedy|Adventure|Family|Fantasy|Animation,0.0
Drama|Fantasy|TV Movie|Family,0.0
Drama|Fantasy|Thriller,0.0
Action|Horror|Comedy|Science Fiction|Thriller,0.0
Action|Horror|Drama|Fantasy,0.0
Action|Horror|Mystery,0.0
Science Fiction|Action|Adventure|Animation,0.0
Science Fiction|Action|Adventure|Animation|Family,0.0
Action|Comedy|Western,0.0
Action|Crime|Comedy|Thriller,0.0
Action|Crime|Drama|Mystery,0.0
Action|Crime|Horror,0.0
Drama|History|Family,0.0
Comedy|Drama|Crime|Thriller,0.0
Comedy|Drama|Family|Fantasy|TV Movie,0.0
Action|Drama|Comedy|Fantasy|Science Fiction|Animation,0.0
Science Fiction|Comedy,0.0
Science Fiction|Comedy|Action,0.0
Science Fiction|Comedy|Adventure|Romance,0.0
Science Fiction|Comedy|Animation|Family|Adventure,0.0
Science Fiction|Comedy|Fantasy,0.0
Drama|Family|TV Movie|Comedy,0.0
Science Fiction|Comedy|Romance,0.0
Drama|Fantasy|Comedy,0.0
Drama|Fantasy|Comedy|TV Movie,0.0
Science Fiction|Animation|Action|Adventure,0.0
Science Fiction|Animation|Action|Adventure|Family,0.0
Science Fiction|Animation|Action|Adventure|Fantasy,0.0
Science Fiction|Animation|Action|Drama,0.0
Science Fiction|Animation|Action|Fantasy,0.0
Science Fiction|Animation|Adventure|Fantasy,0.0
Science Fiction|Animation|Drama,0.0
Action|Drama|Thriller|Science Fiction,0.0
Action|Drama|Western|Adventure,0.0
Action|Family,0.0
Science Fiction|Adventure|Animation|Action|Fantasy,0.0
Science Fiction|Adventure|Animation|Drama|Fantasy|Romance|Action,0.0
Animation|Science Fiction|Action|Adventure|Drama|War,0.0
Science Fiction|Adventure|Mystery|Action|Thriller|Fantasy|Comedy,0.0
Animation|Science Fiction|Action|Adventure|Fantasy,0.0
Science Fiction|TV Movie|Action|Adventure|Comedy|Horror,0.0
Animation|Science Fiction|Adventure,0.0
Science Fiction|Thriller|Action,0.0
Science Fiction|Thriller|Drama|Crime,0.0
Science Fiction|Thriller|Horror|Fantasy|Mystery,0.0
Science Fiction|Thriller|Mystery|Action|Adventure,0.0
Science Fiction|Thriller|Mystery|Crime,0.0
Science Fiction|War,0.0
Animation|Science Fiction|Crime|Mystery|War,0.0
Science Fiction|Mystery|Drama|Thriller|TV Movie,0.0
Science Fiction|Romance,0.0
Science Fiction|Romance|Animation,0.0
Science Fiction|Romance|Comedy,0.0
Science Fiction|Romance|Drama,0.0
Science Fiction|Romance|Thriller,0.0
Science Fiction|TV Movie,0.0
Science Fiction|Drama|Horror,0.0
Animation|Science Fiction|Drama,0.0
Animation|Science Fiction|Family,0.0
Animation|Science Fiction|Family|Action,0.0
Science Fiction|Family|Animation,0.0
Science Fiction|Fantasy,0.0
Science Fiction|Fantasy|Horror,0.0
Drama|Horror|Thriller|Science Fiction,0.0
Drama|Music|Comedy,0.0
Animation|Romance|Science Fiction|Comedy,0.0
Animation|Science Fiction|Action|Adventure,0.0
Science Fiction|Crime|Animation|Mystery|Action,0.0
Science Fiction|Crime|Thriller|Action,0.0
Science Fiction|Drama|Action|Romance,0.0
Science Fiction|Drama|Adventure,0.0
Science Fiction|Drama|Fantasy|Thriller,0.0
Action|Comedy|Science Fiction|Animation,0.0
Action|Comedy|Science Fiction|Romance|Drama,0.0
Action|Comedy|Science Fiction|TV Movie|Adventure,0.0
Action|Comedy|Thriller|Horror,0.0
TV Movie|Drama|History,0.0
TV Movie|Drama|Thriller|Crime,0.0
TV Movie|Family|Comedy|Adventure|Crime|Drama|Music,0.0
TV Movie|Family|Comedy|Fantasy,0.0
Action|Comedy|Crime|Romance|Science Fiction|Thriller,0.0
Action|Comedy|Fantasy|Animation,0.0
Drama|Horror|Romance|Science Fiction,0.0
Drama|Horror|TV Movie,0.0
Action|Comedy|Fantasy|Thriller,0.0
Drama|Horror|Thriller|Action,0.0
Action|Comedy|Horror|Science Fiction|Thriller,0.0
Action|Comedy|Horror|Western,0.0
TV Movie|Comedy|Family|Romance,0.0
TV Movie|Comedy|Romance,0.0
TV Movie|Crime|Drama|Fantasy|Thriller|Animation,0.0
TV Movie|Crime|Mystery|Thriller,0.0
TV Movie|Documentary,0.0
TV Movie|Documentary|Comedy,0.0
TV Movie|Drama,0.0
TV Movie|Drama|Fantasy,0.0
TV Movie|Action|Adventure|Animation|Family,0.0
TV Movie|Adventure|Action|Science Fiction|Horror,0.0
TV Movie|Animation|Comedy|Family|Drama,0.0
TV Movie|Animation|Family|Comedy,0.0
TV Movie|Comedy,0.0
TV Movie|Comedy|Drama|Family,0.0
TV Movie|Comedy|Family,0.0
TV Movie|Comedy|Family|Music,0.0
Thriller|Adventure|Fantasy|Science Fiction|Romance,0.0
Thriller|Animation|Action|Comedy|Horror|Mystery,0.0
Drama|History|TV Movie,0.0
Action|History|Drama|War,0.0
Thriller|Animation|Fantasy,0.0
Thriller|Animation|Science Fiction,0.0
Thriller|Comedy|Action,0.0
Thriller|Crime|Action|Adventure,0.0
Thriller|Action|Adventure|Crime,0.0
Drama|History|Thriller|Action,0.0
Drama|History|Thriller|Crime,0.0
Drama|Horror|Music,0.0
Drama|Horror|Mystery|Comedy,0.0
Drama|Romance|Animation|Science Fiction,0.0
Thriller|Action|Science Fiction|Crime,0.0
Thriller|Adventure|Animation|Comedy|Fantasy|Science Fiction,0.0
TV Movie|Romance,0.0
TV Movie|Romance|Drama,0.0
TV Movie|Romance|Thriller,0.0
TV Movie|Science Fiction|Drama,0.0
TV Movie|Thriller,0.0
TV Movie|Thriller|Animation|Crime|Drama|Fantasy,0.0
TV Movie|Thriller|Crime,0.0
Drama|Romance|Science Fiction|Thriller|Mystery,0.0
TV Movie|Family|Drama,0.0
TV Movie|Family|Drama|Music,0.0
TV Movie|Fantasy|Animation|Action|Thriller|Science Fiction|Horror,0.0
TV Movie|Fantasy|Animation|Horror|Action|Thriller|Science Fiction,0.0
TV Movie|Fantasy|Family,0.0
TV Movie|Fantasy|Family|Comedy,0.0
TV Movie|Horror,0.0
TV Movie|Horror|Science Fiction,0.0
Action|Animation|Science Fiction|TV Movie|War,0.0
Action|Animation|Science Fiction|Thriller,0.0
Action|Animation|Science Fiction|War,0.0
Action|Comedy|Adventure|Crime|Thriller,0.0
Drama|Romance|TV Movie,0.0
Thriller|Crime|Romance,0.0
Drama|TV Movie,0.0
Thriller|Crime|TV Movie,0.0
Action|Animation|Fantasy|Horror,0.0
Action|Animation|Fantasy|Science Fiction,0.0
Action|Animation|History,0.0
Action|Animation|Horror,0.0
Drama|Mystery|Romance|Thriller,0.0
Action|Animation|Science Fiction|Crime,0.0
Action|Animation|Science Fiction|Family,0.0
Action|Animation|Science Fiction|Fantasy,0.0
Action|Animation|Family,0.0
Drama|Mystery|Thriller|History,0.0
Action|Animation|Family|Science Fiction,0.0
Action|Animation|Family|Science Fiction|TV Movie,0.0
Drama|Mystery|Thriller|TV Movie,0.0
Animation|War|Science Fiction,0.0
Action|Animation|Fantasy|Comedy,0.0
Comedy|Action|Animation|Adventure,0.0
Thriller|Crime|Action|Drama|History,0.0
Thriller|Crime|Drama|Action,0.0
Thriller|Crime|Drama|Horror,0.0
Thriller|Crime|Drama|Romance,0.0
Action|Animation|Drama|Mystery,0.0
Action|Animation|Drama|Romance,0.0
Action|Animation|Drama|Science Fiction,0.0
Action|Animation|Drama|Science Fiction|Adventure,0.0
Action|Animation|Crime,0.0
Drama|Mystery|Fantasy|Horror,0.0
Animation|Science Fiction|Fantasy|Action,0.0
Action|Animation|Crime|Science Fiction,0.0
Action|Animation|Crime|Thriller,0.0
Action|Animation|Drama,0.0
Action|Animation|Drama|Fantasy,0.0
Animation|Science Fiction|TV Movie,0.0
Action|Animation|Adventure|Comedy|Drama,0.0
Action|Animation|Adventure|Comedy|Drama|Family|Fantasy,0.0
Action|Animation|Adventure|Comedy|Fantasy,0.0
Action|Animation|Adventure|Comedy|Fantasy|Science Fiction,0.0
Action|Animation|Adventure|Crime|Science Fiction,0.0
Action|Animation|Adventure|Fantasy,0.0
Action|Animation|Adventure|Fantasy|Mystery,0.0
Animation|Science Fiction|Thriller|Drama,0.0
Thriller|Fantasy|Action|Comedy,0.0
Animation|Science Fiction|War|Action|Romance|Music,0.0
Animation|TV Movie|Action|Comedy|Fantasy,0.0
Action|Adventure|Science Fiction|Romance,0.0
Action|Adventure|TV Movie,0.0
Action|Adventure|Thriller|Western,0.0
Action|Animation,0.0
Animation|Romance,0.0
Animation|Romance|Comedy|Drama|Fantasy,0.0
Thriller|Drama|Fantasy|Horror,0.0
Animation|Romance|Family|Fantasy,0.0
Thriller|Drama|Horror|Mystery,0.0
Animation|Romance|Music|Drama,0.0
Thriller|Drama|Mystery|Horror,0.0
Thriller|Drama|TV Movie,0.0
Thriller|Drama|War|History,0.0
Action|Adventure|Fantasy|Drama,0.0
Animation|Romance|Science Fiction,0.0
Action|Adventure|Fantasy|TV Movie,0.0
Animation|Horror|Fantasy|Drama,0.0
Animation|Horror|Science Fiction|Thriller,0.0
Animation|Music,0.0
Action|Adventure|Science Fiction|Animation,0.0
Thriller|Horror|TV Movie,0.0
Animation|Mystery,0.0
Thriller|Romance|Drama,0.0
Thriller|Romance|Drama|Mystery,0.0
Animation|Mystery|Action|Crime,0.0
Animation|Mystery|Comedy|Family|Adventure|Fantasy|Music,0.0
Action|Adventure|Family,0.0
Animation|Mystery|Horror|Science Fiction,0.0
Action|Adventure|Fantasy|Animation,0.0
Animation|Fantasy|War|TV Movie,0.0
Thriller|Mystery|Drama|Horror,0.0
Animation|Horror,0.0
Thriller|Mystery|Drama|Romance,0.0
Thriller|Mystery|Horror,0.0
Thriller|Mystery|Horror|Crime,0.0
Thriller|Mystery|Romance,0.0
Animation|Horror|Action,0.0
Thriller|Horror|Comedy|Crime,0.0
Thriller|Horror|Comedy|Mystery,0.0
Animation|Horror|Action|Comedy,0.0
Animation|Horror|Action|Science Fiction,0.0
Animation|Horror|Adventure|Mystery|Action|Science Fiction,0.0
Thriller|Horror|Mystery|Drama,0.0
Drama|Thriller|Crime|Horror,0.0
Action|Adventure|Science Fiction|Documentary,0.0
War|Action|Thriller,0.0
War|Action|Thriller|Drama,0.0
Drama|Thriller|Horror|Mystery,0.0
Action|Adventure|Animation,0.0
Western|Horror,0.0
Western|Mystery|Thriller|Drama,0.0
Western|TV Movie,0.0
Action|Adventure|Comedy|TV Movie,0.0
Animation|Fantasy|Horror,0.0
Animation|Fantasy|Music|Adventure|Comedy,0.0
Thriller|TV Movie,0.0
Thriller|TV Movie|Drama,0.0
Thriller|Thriller|Drama,0.0
Thriller|War,0.0
Animation|Fantasy|Mystery,0.0
Animation|Fantasy|Mystery|Horror|Action,0.0
Action|Adventure|Crime|Drama,0.0
Action|Adventure|Crime|Drama|Romance|Thriller,0.0
Animation|Family|Science Fiction|Action,0.0
Animation|Family|TV Movie,0.0
Action|Adventure|Drama|Fantasy|Animation,0.0
Action|Adventure|Drama|Horror|Science Fiction|Thriller,0.0
Action|Adventure|Drama|Romance|Thriller,0.0
Animation|Family|TV Movie|Adventure|Comedy|Fantasy,0.0
Action|Adventure|Science Fiction|Fantasy|Comedy|Horror,0.0
Animation|Family|TV Movie|Comedy|Fantasy,0.0
Action|Adventure|Science Fiction|Horror|Comedy,0.0
Action|Adventure|Comedy|Horror,0.0
Action|Adventure|Comedy|Horror|Science Fiction,0.0
Action|Adventure|Comedy|Horror|Science Fiction|Thriller,0.0
Action|Adventure|Comedy|Romance,0.0
Thriller|Animation|Action|Drama,0.0
